Time,Open,High,Low,Close,Volume
2026-08-05 22:05:00,70.0,70.0,68.0,68.0,5.31
2026-08-05 22:10:00,68.3,71.64,68.3,70.72,1207.2
2026-08-05 22:15:00,70.959,73.68,70.434,70.66,6688.62
2026-08-05 22:20:00,70.5,71.08,67.919,69.174,3503.29
2026-08-05 22:25:00,68.68,69.259,68.48,68.725,1253.67
2026-08-05 22:30:00,68.525,70.0,68.5,69.7,1356.46
2026-08-05 22:35:00,69.08,69.52,68.52,69.279,533.26
2026-08-05 22:40:00,69.075,69.559,68.9,69.379,470.57
2026-08-05 22:45:00,69.36,69.44,69.0,69.349,338.28
2026-08-05 22:50:00,69.498,69.5,69.04,69.3,96.06
2026-08-05 22:55:00,69.05,69.275,69.0,69.274,187.56
2026-08-05 23:00:00,69.157,69.274,69.0,69.149,46.32
2026-08-05 23:05:00,69.001,69.27,69.0,69.125,414.01
2026-08-05 23:10:00,69.0,69.125,69.0,69.0,111.6
2026-08-05 23:15:00,69.0,69.88,68.61,69.88,287.82
2026-08-05 23:20:00,68.925,69.36,68.761,68.904,28.6
2026-08-05 23:25:00,68.695,69.698,68.6,68.987,124.31
2026-08-05 23:30:00,68.986,69.183,68.56,68.702,25.96
2026-08-05 23:35:00,68.701,69.56,68.52,69.022,118.94
2026-08-05 23:40:00,69.022,69.13,68.52,68.742,94.93
2026-08-05 23:45:00,68.742,69.005,68.626,68.777,34.68
2026-08-05 23:50:00,69.308,69.478,68.776,68.913,34.88
2026-08-05 23:55:00,69.299,69.299,68.693,68.693,1.06
2026-08-06 00:00:00,69.09,69.09,69.09,69.09,0.99
2026-08-06 00:05:00,69.087,69.1,68.998,69.072,25.02
2026-08-06 00:10:00,69.071,69.19,68.52,69.149,349.97
2026-08-06 00:15:00,69.147,69.19,68.604,68.604,7.56
2026-08-06 00:20:00,68.604,69.006,68.544,69.006,1.24
2026-08-06 00:25:00,69.112,69.112,68.841,68.841,21.75
2026-08-06 00:30:00,69.1,69.268,68.71,69.268,286.57
2026-08-06 00:35:00,69.268,70.0,69.131,69.6,467.46
2026-08-06 00:40:00,69.575,70.0,69.569,70.0,119.11
2026-08-06 00:45:00,70.0,70.8,69.825,70.8,203.41
2026-08-06 00:50:00,70.675,70.675,69.824,70.254,169.6
2026-08-06 00:55:00,70.254,70.254,69.824,70.128,162.23
2026-08-06 01:00:00,70.15,70.3,69.889,70.3,117.98
2026-08-06 01:05:00,70.3,70.3,69.861,69.888,99.72
2026-08-06 01:10:00,69.9,70.24,69.861,70.1,121.68
2026-08-06 01:15:00,70.099,70.966,69.865,70.6,631.42
2026-08-06 01:20:00,70.602,71.944,70.352,71.36,1979.4
2026-08-06 01:25:00,71.507,71.739,70.453,71.453,163.15
2026-08-06 01:30:00,71.316,71.745,71.12,71.421,116.06
2026-08-06 01:35:00,71.54,71.872,71.439,71.761,263.75
2026-08-06 01:40:00,71.76,72.0,71.7,72.0,207.44
2026-08-06 01:45:00,72.0,72.0,71.62,71.62,195.48
2026-08-06 01:50:00,71.779,71.899,71.084,71.084,299.14
2026-08-06 01:55:00,71.474,71.696,71.083,71.44,188.88
2026-08-06 02:00:00,71.548,72.0,71.306,71.838,217.74
2026-08-06 02:05:00,71.835,71.998,71.298,71.709,523.41
2026-08-06 02:10:00,71.642,71.9,71.444,71.645,299.01
2026-08-06 02:15:00,71.645,71.645,70.887,71.56,125.75
2026-08-06 02:20:00,71.559,71.645,71.559,71.645,56.12
2026-08-06 02:25:00,71.645,71.872,71.414,71.784,47.31
2026-08-06 02:30:00,71.778,71.778,70.521,71.25,182.62
2026-08-06 02:35:00,71.249,71.334,71.13,71.255,57.63
2026-08-06 02:40:00,71.252,71.616,70.797,71.257,213.19
2026-08-06 02:45:00,71.378,71.7,70.816,71.7,63.49
2026-08-06 02:50:00,71.7,71.7,70.88,71.69,67.69
2026-08-06 02:55:00,71.697,71.73,70.91,71.73,52.79
2026-08-06 03:00:00,71.801,71.84,71.091,71.54,70.31
2026-08-06 03:05:00,71.539,71.76,71.539,71.758,38.38
2026-08-06 03:10:00,71.629,71.725,71.232,71.638,38.29
2026-08-06 03:15:00,71.653,71.829,71.653,71.76,38.4
2026-08-06 03:20:00,71.759,71.775,71.241,71.654,58.09
2026-08-06 03:25:00,71.654,71.799,71.123,71.638,42.62
2026-08-06 03:30:00,71.637,71.667,71.236,71.639,45.85
2026-08-06 03:35:00,71.639,71.742,71.601,71.742,46.37
2026-08-06 03:40:00,71.742,71.774,71.358,71.774,46.51
2026-08-06 03:45:00,71.774,72.0,71.175,71.28,486.54
2026-08-06 03:50:00,71.858,71.858,70.913,71.634,144.86
2026-08-06 03:55:00,71.724,71.943,71.063,71.92,62.44
2026-08-06 04:00:00,71.92,71.964,71.8,71.879,90.4
2026-08-06 04:05:00,71.879,71.88,71.367,71.88,63.97
2026-08-06 04:10:00,71.879,72.0,71.735,71.844,67.69
2026-08-06 04:15:00,71.828,72.0,71.828,71.998,124.26
2026-08-06 04:20:00,71.998,72.0,71.735,71.993,357.88
2026-08-06 04:25:00,71.968,71.97,71.945,71.97,59.57
2026-08-06 04:30:00,71.9,71.9,71.28,71.818,79.12
2026-08-06 04:35:00,71.414,71.817,71.012,71.8,97.32
2026-08-06 04:40:00,71.603,71.819,71.403,71.594,94.58
2026-08-06 04:45:00,71.594,71.82,71.34,71.34,96.19
2026-08-06 04:50:00,71.33,71.819,70.897,70.915,186.89
2026-08-06 04:55:00,71.1,71.312,70.713,70.739,279.41
2026-08-06 05:00:00,70.871,71.715,70.627,71.101,321.93
2026-08-06 05:05:00,71.101,71.97,71.019,71.436,418.4
2026-08-06 05:10:00,71.742,71.896,71.359,71.712,86.98
2026-08-06 05:15:00,71.848,71.95,71.578,71.946,80.07
2026-08-06 05:20:00,71.946,71.95,71.6,71.907,83.71
2026-08-06 05:25:00,71.925,71.95,71.525,71.725,105.91
2026-08-06 05:30:00,71.725,71.725,71.58,71.654,127.92
2026-08-06 05:35:00,71.654,71.654,71.653,71.654,52.47
2026-08-06 05:40:00,71.654,71.725,70.214,70.912,149.46
2026-08-06 05:45:00,70.909,71.7,70.907,71.7,65.59
2026-08-06 05:50:00,71.725,71.725,71.598,71.7,68.44
2026-08-06 05:55:00,71.7,71.72,71.7,71.72,58.5
2026-08-06 06:00:00,71.72,71.725,71.516,71.72,55.23
2026-08-06 06:05:00,71.72,71.72,71.425,71.72,61.08
2026-08-06 06:10:00,71.72,71.725,71.72,71.72,59.33
2026-08-06 06:15:00,71.72,71.72,71.72,71.72,58.58
2026-08-06 06:20:00,71.72,71.72,71.72,71.72,58.83
2026-08-06 06:25:00,71.72,71.725,71.72,71.725,52.0
2026-08-06 06:30:00,71.725,71.725,71.412,71.725,78.91
2026-08-06 06:35:00,71.725,71.97,71.35,71.561,68.88
2026-08-06 06:40:00,71.969,71.97,71.514,71.97,63.34
2026-08-06 06:45:00,71.969,71.97,71.493,71.97,58.78
2026-08-06 06:50:00,71.97,71.97,71.425,71.97,54.39
2026-08-06 06:55:00,71.97,72.0,71.968,72.0,466.76
2026-08-06 07:00:00,72.0,73.0,71.741,72.278,112.54
2026-08-06 07:05:00,72.557,72.99,71.804,72.3,147.86
2026-08-06 07:10:00,72.352,72.99,72.022,72.582,96.97
2026-08-06 07:15:00,72.979,72.989,71.8,72.761,144.7
2026-08-06 07:20:00,72.865,72.99,72.223,72.99,81.01
2026-08-06 07:25:00,72.836,72.99,72.432,72.682,243.43
2026-08-06 07:30:00,72.869,72.99,72.575,72.898,94.52
2026-08-06 07:35:00,72.959,72.98,72.759,72.788,77.67
2026-08-06 07:40:00,72.96,72.98,72.632,72.64,91.26
2026-08-06 07:45:00,72.885,72.98,71.426,72.19,363.67
2026-08-06 07:50:00,72.19,72.919,71.97,72.366,121.49
2026-08-06 07:55:00,72.365,72.837,71.939,72.545,136.9
2026-08-06 08:00:00,72.519,72.751,72.067,72.5,145.87
2026-08-06 08:05:00,72.489,72.5,71.1,71.25,502.29
2026-08-06 08:10:00,71.25,71.938,71.25,71.504,220.83
2026-08-06 08:15:00,71.568,72.178,71.253,71.699,77.3
2026-08-06 08:20:00,72.221,72.32,71.465,71.972,228.54
2026-08-06 08:25:00,72.252,72.32,72.021,72.32,162.79
2026-08-06 08:30:00,72.32,72.32,71.927,72.118,188.59
2026-08-06 08:35:00,72.17,72.32,71.175,71.238,207.62
2026-08-06 08:40:00,71.246,71.81,71.1,71.635,151.77
2026-08-06 08:45:00,71.615,71.79,71.19,71.549,86.91
2026-08-06 08:50:00,71.77,72.315,71.13,71.936,136.61
2026-08-06 08:55:00,71.967,72.315,71.463,71.908,82.56
2026-08-06 09:00:00,72.048,72.5,71.49,72.14,98.72
2026-08-06 09:05:00,72.204,72.86,71.576,72.703,90.53
2026-08-06 09:10:00,72.338,72.919,71.854,72.407,145.38
2026-08-06 09:15:00,72.407,72.842,71.638,71.638,111.47
2026-08-06 09:20:00,71.826,72.5,71.791,72.282,100.37
2026-08-06 09:25:00,72.407,72.5,71.62,71.972,162.12
2026-08-06 09:30:00,72.319,72.5,72.024,72.179,136.14
2026-08-06 09:35:00,72.301,72.5,72.277,72.277,60.13
2026-08-06 09:40:00,72.401,72.5,72.277,72.327,88.93
2026-08-06 09:45:00,72.421,72.5,72.277,72.278,100.31
2026-08-06 09:50:00,72.366,72.5,72.277,72.5,88.74
2026-08-06 09:55:00,72.451,72.619,72.288,72.424,118.42
2026-08-06 10:00:00,72.499,72.595,72.21,72.5,141.15
2026-08-06 10:05:00,72.214,72.8,71.1,72.384,185.48
2026-08-06 10:10:00,72.294,72.6,72.05,72.368,65.75
2026-08-06 10:15:00,72.48,72.5,72.48,72.5,59.81
2026-08-06 10:20:00,72.411,72.5,72.27,72.5,62.95
2026-08-06 10:25:00,72.5,72.5,72.262,72.5,126.73
2026-08-06 10:30:00,72.5,72.5,72.338,72.5,54.17
2026-08-06 10:35:00,72.5,72.5,72.4,72.5,205.01
2026-08-06 10:40:00,72.5,72.5,72.5,72.5,57.91
2026-08-06 10:45:00,72.5,72.88,72.284,72.423,122.94
2026-08-06 10:50:00,72.529,72.656,72.45,72.556,134.81
2026-08-06 10:55:00,72.562,72.656,72.173,72.5,145.69
2026-08-06 11:00:00,72.485,72.5,72.324,72.5,71.92
2026-08-06 11:05:00,72.5,72.636,72.21,72.582,115.28
2026-08-06 11:10:00,72.521,72.626,72.21,72.486,152.51
2026-08-06 11:15:00,72.509,72.626,72.366,72.626,102.95
2026-08-06 11:20:00,72.626,72.88,72.405,72.5,128.94
2026-08-06 11:25:00,72.58,72.89,72.31,72.781,173.78
2026-08-06 11:30:00,72.836,72.969,72.789,72.8,63.58
2026-08-06 11:35:00,72.854,72.969,72.638,72.969,84.12
2026-08-06 11:40:00,72.921,72.929,71.55,72.744,253.78
2026-08-06 11:45:00,72.744,72.825,72.288,72.452,180.85
2026-08-06 11:50:00,72.441,72.9,71.48,71.959,359.53
2026-08-06 11:55:00,72.157,72.646,71.85,72.544,126.95
2026-08-06 12:00:00,72.575,72.775,72.294,72.643,161.89
2026-08-06 12:05:00,72.543,72.8,71.92,72.727,111.58
2026-08-06 12:10:00,72.731,72.88,72.613,72.88,73.43
2026-08-06 12:15:00,72.88,72.95,72.554,72.802,73.41
2026-08-06 12:20:00,72.865,72.95,72.546,72.88,95.53
2026-08-06 12:25:00,72.889,72.96,72.889,72.959,80.46
2026-08-06 12:30:00,72.959,72.96,72.887,72.95,166.03
2026-08-06 12:35:00,72.943,72.96,72.341,72.88,233.82
2026-08-06 12:40:00,72.892,72.96,72.802,72.96,222.61
2026-08-06 12:45:00,72.96,72.96,72.914,72.96,69.24
2026-08-06 12:50:00,72.96,72.969,72.904,72.969,132.24
2026-08-06 12:55:00,72.969,72.98,72.811,72.98,293.8
2026-08-06 13:00:00,72.98,72.98,72.663,72.959,295.35
2026-08-06 13:05:00,72.98,73.18,72.853,73.179,235.48
2026-08-06 13:10:00,73.18,73.5,72.54,72.929,210.63
2026-08-06 13:15:00,73.208,73.415,72.556,73.152,494.09
2026-08-06 13:20:00,73.184,73.42,72.76,73.325,127.44
2026-08-06 13:25:00,73.31,73.479,72.844,73.4,178.27
2026-08-06 13:30:00,73.401,73.479,73.066,73.4,285.86
2026-08-06 13:35:00,73.399,73.479,73.398,73.478,79.63
2026-08-06 13:40:00,73.479,73.564,73.282,73.508,77.62
2026-08-06 13:45:00,73.504,73.745,73.502,73.71,76.03
2026-08-06 13:50:00,73.729,73.774,73.395,73.774,66.9
2026-08-06 13:55:00,73.774,73.8,73.682,73.8,63.78
2026-08-06 14:00:00,73.8,74.0,73.013,73.232,299.9
2026-08-06 14:05:00,73.196,73.37,73.08,73.176,105.41
2026-08-06 14:10:00,73.126,73.369,73.1,73.221,108.98
2026-08-06 14:15:00,73.116,73.711,73.08,73.249,145.43
2026-08-06 14:20:00,73.346,73.714,73.161,73.267,126.03
2026-08-06 14:25:00,73.13,73.269,73.13,73.268,28.39
2026-08-06 14:30:00,73.268,73.289,73.268,73.289,141.3
2026-08-06 14:35:00,73.289,73.337,71.983,72.899,381.43
2026-08-06 14:40:00,72.9,73.336,72.692,73.193,63.36
2026-08-06 14:45:00,73.179,73.527,72.597,72.999,85.78
2026-08-06 14:50:00,72.839,73.0,72.44,72.699,48.81
2026-08-06 14:55:00,72.668,73.52,72.4,72.957,87.52
2026-08-06 15:00:00,72.515,73.28,72.12,72.56,574.25
2026-08-06 15:05:00,72.325,72.485,71.7,72.305,847.68
2026-08-06 15:10:00,72.108,72.832,71.76,72.832,157.3
2026-08-06 15:15:00,72.426,72.92,71.891,72.31,45.8
2026-08-06 15:20:00,72.121,72.6,72.121,72.472,24.01
2026-08-06 15:25:00,72.472,73.023,71.92,72.625,37.23
2026-08-06 15:30:00,72.584,73.4,72.525,72.742,110.92
2026-08-06 15:35:00,72.893,73.36,72.581,73.01,31.82
2026-08-06 15:40:00,73.358,73.392,73.086,73.086,37.1
2026-08-06 15:45:00,73.238,73.24,72.361,72.906,76.35
2026-08-06 15:50:00,73.237,73.24,72.764,73.0,26.92
2026-08-06 15:55:00,73.0,73.0,72.35,72.949,110.63
2026-08-06 16:00:00,72.949,73.0,72.16,72.738,74.2
2026-08-06 16:05:00,72.849,73.0,72.311,72.311,39.58
2026-08-06 16:10:00,72.3,72.985,72.2,72.421,57.62
2026-08-06 16:15:00,72.387,72.835,72.31,72.729,47.6
2026-08-06 16:20:00,72.781,73.0,72.736,72.871,26.45
2026-08-06 16:25:00,72.946,73.3,72.686,72.686,60.48
2026-08-06 16:30:00,72.881,73.29,72.443,72.906,32.02
2026-08-06 16:35:00,72.859,73.231,72.35,72.913,51.18
2026-08-06 16:40:00,72.915,73.27,72.845,73.025,34.57
2026-08-06 16:45:00,73.041,73.25,72.551,72.754,138.28
2026-08-06 16:50:00,72.726,73.25,72.68,72.962,27.08
2026-08-06 16:55:00,72.761,72.774,72.652,72.774,4.2
2026-08-06 17:00:00,72.465,74.0,72.465,72.803,145.2
2026-08-06 17:05:00,72.802,73.01,72.76,72.84,133.98
2026-08-06 17:10:00,72.84,72.84,72.715,72.715,267.03
2026-08-06 17:15:00,72.716,72.937,72.715,72.937,37.26
2026-08-06 17:20:00,72.715,72.715,72.715,72.715,34.3
2026-08-06 17:25:00,72.715,72.727,72.715,72.715,20.07
2026-08-06 17:30:00,72.715,72.715,72.16,72.458,225.28
2026-08-06 17:35:00,72.458,72.458,72.458,72.458,0.0
2026-08-06 17:40:00,72.458,72.458,72.458,72.458,0.0
2026-08-06 17:45:00,72.458,72.458,72.458,72.458,0.0
2026-08-06 17:50:00,72.38,72.38,71.752,72.354,46.63
2026-08-06 17:55:00,71.865,72.24,71.702,71.881,25.41
2026-08-06 18:00:00,71.802,72.377,71.701,72.048,31.55
2026-08-06 18:05:00,71.767,72.256,71.701,72.057,65.11
2026-08-06 18:10:00,71.814,72.277,71.7,72.046,45.66
2026-08-06 18:15:00,71.815,72.066,71.701,71.875,33.93
2026-08-06 18:20:00,71.77,72.421,71.7,72.104,209.32
2026-08-06 18:25:00,72.031,72.421,71.788,72.161,91.14
2026-08-06 18:30:00,72.246,72.248,72.128,72.138,14.21
2026-08-06 18:35:00,72.14,72.203,71.801,71.93,50.98
2026-08-06 18:40:00,72.013,72.312,71.915,72.231,53.45
2026-08-06 18:45:00,72.198,72.418,72.051,72.247,61.06
2026-08-06 18:50:00,72.157,72.202,71.909,72.089,169.21
2026-08-06 18:55:00,72.024,72.137,71.909,72.083,79.42
2026-08-06 19:00:00,72.02,74.931,71.835,73.145,2045.28
2026-08-06 19:05:00,73.146,74.48,72.123,74.0,1677.07
2026-08-06 19:10:00,73.801,74.9,73.747,74.005,801.28
2026-08-06 19:15:00,73.877,74.258,73.136,73.671,709.33
2026-08-06 19:20:00,73.572,74.305,72.4,74.25,921.98
2026-08-06 19:25:00,74.113,74.6,73.55,74.484,450.68
2026-08-06 19:30:00,74.429,74.76,73.92,74.644,462.06
2026-08-06 19:35:00,74.627,74.76,73.26,74.55,693.39
2026-08-06 19:40:00,74.508,75.0,74.442,74.813,903.82
2026-08-06 19:45:00,74.778,75.0,74.597,74.786,293.0
2026-08-06 19:50:00,74.784,74.878,74.527,74.6,50.6
2026-08-06 19:55:00,74.601,74.601,74.394,74.405,110.69
2026-08-06 20:00:00,74.394,74.5,74.325,74.5,314.24
2026-08-06 20:05:00,74.5,74.9,74.451,74.72,597.43
2026-08-06 20:10:00,74.697,74.88,74.663,74.754,91.93
2026-08-06 20:15:00,74.773,74.88,74.704,74.853,528.07
2026-08-06 20:20:00,74.859,75.0,74.783,74.9,776.82
2026-08-06 20:25:00,74.815,74.895,74.704,74.758,209.2
2026-08-06 20:30:00,74.796,74.8,74.704,74.797,519.64
2026-08-06 20:35:00,74.705,74.798,74.12,74.73,248.86
2026-08-06 20:40:00,74.405,74.8,74.404,74.8,119.64
2026-08-06 20:45:00,74.751,74.936,73.811,74.684,370.23
2026-08-06 20:50:00,74.668,74.889,74.491,74.853,112.15
2026-08-06 20:55:00,74.833,74.875,74.559,74.768,223.78
2026-08-06 21:00:00,74.719,74.899,74.651,74.882,197.68
2026-08-06 21:05:00,74.89,75.0,74.873,75.0,102.16
2026-08-06 21:10:00,74.96,75.5,74.83,75.106,1176.4
2026-08-06 21:15:00,75.028,75.276,74.8,74.918,233.66
2026-08-06 21:20:00,74.847,75.393,74.832,75.197,135.44
2026-08-06 21:25:00,75.296,75.672,74.91,75.017,360.5
2026-08-06 21:30:00,75.023,75.264,74.91,75.183,138.41
2026-08-06 21:35:00,75.025,75.534,74.981,75.21,316.02
2026-08-06 21:40:00,75.173,75.275,74.91,75.143,231.01
2026-08-06 21:45:00,75.138,75.8,74.957,75.075,239.73
2026-08-06 21:50:00,75.18,76.4,74.91,75.898,2652.74
2026-08-06 21:55:00,75.865,76.238,75.48,75.759,206.02
2026-08-06 22:00:00,75.761,76.214,75.64,75.915,154.16
2026-08-06 22:05:00,75.916,76.8,75.692,76.0,546.83
2026-08-06 22:10:00,76.0,76.48,75.708,76.026,291.17
2026-08-06 22:15:00,76.042,76.279,75.6,75.871,340.52
2026-08-06 22:20:00,75.869,77.8,75.5,75.8,1054.77
2026-08-06 22:25:00,75.811,77.629,75.81,76.54,688.77
2026-08-06 22:30:00,76.303,77.167,76.303,76.759,288.46
2026-08-06 22:35:00,76.757,77.34,76.3,76.592,424.2
2026-08-06 22:40:00,76.592,77.22,76.363,77.184,336.21
2026-08-06 22:45:00,77.151,79.0,77.151,78.426,1715.69
2026-08-06 22:50:00,78.242,79.68,76.909,78.331,2756.08
2026-08-06 22:55:00,78.242,78.6,78.137,78.252,225.16
2026-08-06 23:00:00,78.308,79.884,78.253,79.884,775.24
2026-08-06 23:05:00,79.883,83.697,79.2,82.56,6853.69
2026-08-06 23:10:00,82.561,83.85,81.05,83.462,4614.06
2026-08-06 23:15:00,83.462,83.68,82.6,83.64,2467.86
2026-08-06 23:20:00,83.64,84.478,82.944,83.104,3821.69
2026-08-06 23:25:00,83.107,84.223,82.0,83.546,2503.8
2026-08-06 23:30:00,83.545,84.0,83.362,84.0,958.26
2026-08-06 23:35:00,83.75,84.0,82.928,83.52,559.15
2026-08-06 23:40:00,83.275,83.623,83.26,83.623,251.54
2026-08-06 23:45:00,83.382,83.715,83.382,83.605,460.6
2026-08-06 23:50:00,83.478,83.478,83.26,83.26,140.93
2026-08-06 23:55:00,83.26,83.593,82.81,83.508,600.72
2026-08-07 00:00:00,83.266,83.351,82.294,82.475,1749.87
2026-08-07 00:05:00,82.477,83.616,81.802,83.543,724.02
2026-08-07 00:10:00,83.543,84.37,83.228,83.63,675.33
2026-08-07 00:15:00,83.585,83.606,83.075,83.386,165.32
2026-08-07 00:20:00,83.348,83.87,83.2,83.585,294.14
2026-08-07 00:25:00,83.415,84.21,83.412,83.447,417.46
2026-08-07 00:30:00,83.447,83.447,83.014,83.357,204.51
2026-08-07 00:35:00,83.283,83.447,82.66,83.33,539.52
2026-08-07 00:40:00,83.326,83.471,82.496,83.3,268.7
2026-08-07 00:45:00,83.32,83.638,82.631,82.894,213.69
2026-08-07 00:50:00,83.062,83.493,82.207,82.244,311.79
2026-08-07 00:55:00,82.244,83.16,82.0,82.056,418.66
2026-08-07 01:00:00,82.055,82.576,82.0,82.038,332.63
2026-08-07 01:05:00,82.039,82.36,80.0,80.316,907.32
2026-08-07 01:10:00,80.316,81.759,80.0,80.391,666.08
2026-08-07 01:15:00,80.392,81.719,80.392,81.132,279.17
2026-08-07 01:20:00,81.132,81.252,80.0,80.245,252.31
2026-08-07 01:25:00,80.244,81.18,79.314,80.86,744.47
2026-08-07 01:30:00,80.611,80.723,79.12,79.392,421.17
2026-08-07 01:35:00,79.392,79.7,78.5,78.501,1145.24
2026-08-07 01:40:00,78.5,79.137,78.103,78.69,513.47
2026-08-07 01:45:00,78.525,78.829,78.2,78.657,412.33
2026-08-07 01:50:00,78.5,78.661,78.1,78.308,332.77
2026-08-07 01:55:00,78.159,78.273,78.0,78.0,150.74
2026-08-07 02:00:00,78.161,78.613,78.0,78.613,210.11
2026-08-07 02:05:00,78.508,83.1,78.5,80.548,877.61
2026-08-07 02:10:00,80.548,80.548,79.782,79.942,127.85
2026-08-07 02:15:00,79.943,79.983,79.053,79.45,531.08
2026-08-07 02:20:00,79.401,79.763,78.05,78.472,295.94
2026-08-07 02:25:00,78.374,81.237,78.25,78.974,903.95
2026-08-07 02:30:00,78.975,79.68,78.599,79.439,68.12
2026-08-07 02:35:00,79.343,80.435,79.085,79.982,168.87
2026-08-07 02:40:00,79.982,80.24,79.232,79.521,110.8
2026-08-07 02:45:00,79.522,80.219,79.517,79.608,118.0
2026-08-07 02:50:00,79.61,79.827,79.489,79.489,24.12
2026-08-07 02:55:00,79.533,79.533,79.307,79.516,21.23
2026-08-07 03:00:00,79.439,82.28,79.437,80.837,534.1
2026-08-07 03:05:00,80.834,81.507,80.783,81.316,202.91
2026-08-07 03:10:00,81.124,82.739,81.124,81.78,671.11
2026-08-07 03:15:00,81.723,82.148,81.713,82.079,151.87
2026-08-07 03:20:00,81.944,82.55,81.917,82.19,268.8
2026-08-07 03:25:00,82.138,82.754,82.037,82.223,149.89
2026-08-07 03:30:00,82.195,82.702,82.194,82.536,196.64
2026-08-07 03:35:00,82.491,82.928,81.995,82.466,170.91
2026-08-07 03:40:00,82.477,82.819,81.946,82.61,123.31
2026-08-07 03:45:00,82.577,82.818,82.057,82.315,151.54
2026-08-07 03:50:00,82.368,82.763,81.003,81.886,198.56
2026-08-07 03:55:00,81.913,83.0,81.507,81.748,157.97
2026-08-07 04:00:00,81.741,82.212,80.541,81.011,264.18
2026-08-07 04:05:00,80.981,82.232,80.918,82.232,160.23
2026-08-07 04:10:00,82.079,82.232,81.737,82.232,135.46
2026-08-07 04:15:00,82.074,82.232,82.014,82.232,46.14
2026-08-07 04:20:00,82.079,82.232,81.945,82.232,59.23
2026-08-07 04:25:00,82.114,83.16,82.1,83.16,199.33
2026-08-07 04:30:00,83.001,83.16,82.907,83.16,67.26
2026-08-07 04:35:00,83.056,83.707,82.516,83.327,218.58
2026-08-07 04:40:00,83.301,83.97,83.092,83.688,101.36
2026-08-07 04:45:00,83.592,83.893,83.138,83.544,122.94
2026-08-07 04:50:00,83.441,83.544,83.267,83.544,54.54
2026-08-07 04:55:00,83.415,83.544,83.355,83.544,59.99
2026-08-07 05:00:00,83.474,83.544,81.721,82.23,256.99
2026-08-07 05:05:00,82.231,82.471,81.591,81.767,60.31
2026-08-07 05:10:00,81.768,82.868,81.768,82.864,39.0
2026-08-07 05:15:00,82.326,82.969,81.8,82.069,39.01
2026-08-07 05:20:00,82.07,82.324,81.433,82.273,30.99
2026-08-07 05:25:00,82.273,82.512,81.72,81.819,33.33
2026-08-07 05:30:00,81.65,81.851,81.281,81.5,28.51
2026-08-07 05:35:00,81.399,81.731,80.984,81.731,59.86
2026-08-07 05:40:00,81.585,82.067,81.173,82.067,58.66
2026-08-07 05:45:00,81.922,81.922,81.211,81.371,17.97
2026-08-07 05:50:00,81.393,82.049,81.393,81.455,41.29
2026-08-07 05:55:00,81.497,81.673,80.974,81.247,42.48
2026-08-07 06:00:00,81.413,81.423,81.16,81.416,23.45
2026-08-07 06:05:00,81.295,81.96,80.75,81.624,114.01
2026-08-07 06:10:00,81.513,81.513,80.12,80.478,269.77
2026-08-07 06:15:00,80.351,82.059,80.09,81.039,516.39
2026-08-07 06:20:00,80.763,81.24,80.204,80.35,513.82
2026-08-07 06:25:00,80.361,80.8,80.0,80.72,448.63
2026-08-07 06:30:00,80.72,81.1,80.255,80.335,317.88
2026-08-07 06:35:00,80.427,80.528,80.0,80.266,295.32
2026-08-07 06:40:00,80.024,80.363,80.0,80.363,130.34
2026-08-07 06:45:00,80.103,80.515,80.0,80.515,341.5
2026-08-07 06:50:00,80.215,80.581,80.215,80.581,34.54
2026-08-07 06:55:00,80.329,81.6,80.02,80.249,194.86
2026-08-07 07:00:00,80.249,81.447,80.161,80.839,199.74
2026-08-07 07:05:00,80.706,81.616,80.53,81.187,71.49
2026-08-07 07:10:00,80.904,81.99,80.864,81.317,131.51
2026-08-07 07:15:00,80.966,82.429,80.872,82.149,133.22
2026-08-07 07:20:00,81.848,82.32,80.606,81.708,266.49
2026-08-07 07:25:00,81.724,82.259,80.97,81.552,219.49
2026-08-07 07:30:00,81.552,81.889,81.215,81.549,184.4
2026-08-07 07:35:00,81.329,83.486,81.215,81.602,229.6
2026-08-07 07:40:00,81.633,82.115,81.462,81.462,78.97
2026-08-07 07:45:00,81.463,82.268,81.462,81.707,60.73
2026-08-07 07:50:00,81.708,81.811,81.372,81.5,118.57
2026-08-07 07:55:00,81.499,81.499,81.207,81.436,39.12
2026-08-07 08:00:00,81.207,81.49,81.044,81.214,169.17
2026-08-07 08:05:00,81.089,81.183,80.716,81.183,135.6
2026-08-07 08:10:00,81.2,81.4,80.834,80.957,148.78
2026-08-07 08:15:00,80.941,81.13,80.632,80.962,50.09
2026-08-07 08:20:00,80.962,81.029,80.68,80.711,30.11
2026-08-07 08:25:00,80.725,81.124,80.725,80.816,44.04
2026-08-07 08:30:00,80.816,80.924,80.5,80.808,50.92
2026-08-07 08:35:00,80.72,80.909,80.575,80.768,33.59
2026-08-07 08:40:00,80.768,81.0,80.768,80.844,47.09
2026-08-07 08:45:00,80.844,80.854,80.781,80.781,13.89
2026-08-07 08:50:00,80.754,80.811,80.501,80.656,37.2
2026-08-07 08:55:00,80.501,80.651,80.429,80.434,17.71
2026-08-07 09:00:00,80.422,80.656,80.05,80.656,196.34
2026-08-07 09:05:00,80.656,80.71,80.623,80.623,20.39
2026-08-07 09:10:00,80.604,80.704,80.453,80.672,33.44
2026-08-07 09:15:00,80.52,80.691,80.05,80.565,72.77
2026-08-07 09:20:00,80.552,80.563,80.306,80.315,25.62
2026-08-07 09:25:00,80.321,80.574,80.0,80.494,167.22
2026-08-07 09:30:00,80.261,80.49,80.216,80.438,74.93
2026-08-07 09:35:00,80.298,80.56,80.298,80.312,17.58
2026-08-07 09:40:00,80.313,80.575,80.313,80.575,63.55
2026-08-07 09:45:00,80.342,81.49,80.342,80.724,393.66
2026-08-07 09:50:00,80.68,81.5,80.462,81.192,763.94
2026-08-07 09:55:00,81.193,81.215,81.039,81.215,27.68
2026-08-07 10:00:00,81.047,81.215,81.043,81.215,83.57
2026-08-07 10:05:00,81.138,81.239,81.129,81.239,41.37
2026-08-07 10:10:00,81.192,81.239,81.13,81.174,87.09
2026-08-07 10:15:00,81.181,81.239,81.039,81.039,171.13
2026-08-07 10:20:00,81.04,81.064,81.039,81.064,171.31
2026-08-07 10:25:00,81.064,81.192,81.047,81.175,262.87
2026-08-07 10:30:00,81.176,81.367,81.175,81.176,52.86
2026-08-07 10:35:00,81.177,81.332,81.177,81.332,212.53
2026-08-07 10:40:00,81.332,82.405,81.301,82.101,847.07
2026-08-07 10:45:00,81.881,83.598,81.745,83.223,803.33
2026-08-07 10:50:00,83.223,84.075,82.714,83.781,1262.68
2026-08-07 10:55:00,83.873,84.71,83.773,84.347,989.42
2026-08-07 11:00:00,84.377,86.8,84.347,86.541,4001.17
2026-08-07 11:05:00,86.163,86.8,86.016,86.4,1232.75
2026-08-07 11:10:00,86.092,86.48,85.576,85.6,1157.08
2026-08-07 11:15:00,85.596,85.6,84.727,84.999,1477.95
2026-08-07 11:20:00,84.769,85.498,84.606,85.17,670.28
2026-08-07 11:25:00,84.961,85.358,84.182,84.4,647.65
2026-08-07 11:30:00,84.241,84.867,84.1,84.358,376.52
2026-08-07 11:35:00,84.165,84.696,84.061,84.1,341.17
2026-08-07 11:40:00,84.174,84.329,83.879,84.2,292.15
2026-08-07 11:45:00,83.941,84.333,83.836,84.271,154.35
2026-08-07 11:50:00,84.029,84.468,83.954,84.356,79.64
2026-08-07 11:55:00,84.215,84.467,84.0,84.206,102.94
2026-08-07 12:00:00,84.205,84.207,83.869,83.935,218.2
2026-08-07 12:05:00,83.999,84.0,83.839,83.999,73.81
2026-08-07 12:10:00,83.999,83.999,83.759,83.809,138.57
2026-08-07 12:15:00,83.809,83.809,83.758,83.758,68.19
2026-08-07 12:20:00,83.779,84.012,83.7,84.006,107.46
2026-08-07 12:25:00,83.937,84.099,83.701,83.8,147.25
2026-08-07 12:30:00,83.849,84.348,83.8,84.266,209.03
2026-08-07 12:35:00,84.267,84.343,83.84,84.154,131.36
2026-08-07 12:40:00,84.126,84.249,83.84,84.031,133.44
2026-08-07 12:45:00,84.031,84.155,83.8,83.943,124.35
2026-08-07 12:50:00,83.8,83.999,83.8,83.8,166.42
2026-08-07 12:55:00,83.948,83.988,83.697,83.697,966.7
2026-08-07 13:00:00,83.824,83.825,83.6,83.601,73.54
2026-08-07 13:05:00,83.714,83.825,83.64,83.68,58.07
2026-08-07 13:10:00,83.68,83.779,83.6,83.6,69.46
2026-08-07 13:15:00,83.6,83.675,81.818,82.749,3234.63
2026-08-07 13:20:00,82.858,83.675,82.479,83.675,288.24
2026-08-07 13:25:00,83.127,85.0,82.8,84.019,746.65
2026-08-07 13:30:00,84.019,87.0,83.933,85.696,1433.33
2026-08-07 13:35:00,85.744,86.012,84.576,84.728,855.23
2026-08-07 13:40:00,84.814,85.368,84.728,85.001,562.07
2026-08-07 13:45:00,85.067,90.0,85.0,87.199,4139.68
2026-08-07 13:50:00,87.008,88.002,86.96,87.127,558.12
2026-08-07 13:55:00,87.155,87.7,87.148,87.327,206.33
2026-08-07 14:00:00,87.34,88.0,87.197,88.0,461.6
2026-08-07 14:05:00,87.731,88.0,87.542,87.893,761.89
2026-08-07 14:10:00,87.888,88.4,87.55,87.938,515.83
2026-08-07 14:15:00,87.712,88.088,87.55,87.687,200.87
2026-08-07 14:20:00,87.65,88.5,87.6,88.0,488.31
2026-08-07 14:25:00,88.001,88.156,87.901,88.038,249.97
2026-08-07 14:30:00,88.037,88.6,88.037,88.6,305.8
2026-08-07 14:35:00,88.586,93.993,88.259,93.158,10500.74
2026-08-07 14:40:00,93.158,93.474,91.77,91.883,1988.57
2026-08-07 14:45:00,91.884,93.127,91.0,91.305,1761.85
2026-08-07 14:50:00,91.959,92.0,91.335,91.484,312.77
2026-08-07 14:55:00,91.471,91.8,91.0,91.345,1394.98
2026-08-07 15:00:00,91.607,91.8,91.0,91.326,605.96
2026-08-07 15:05:00,91.339,91.598,91.0,91.07,370.38
2026-08-07 15:10:00,91.08,91.255,91.07,91.07,548.97
2026-08-07 15:15:00,91.07,91.2,90.08,90.254,396.15
2026-08-07 15:20:00,90.136,90.541,90.022,90.138,141.01
2026-08-07 15:25:00,90.102,90.211,89.16,89.897,392.58
2026-08-07 15:30:00,89.843,89.999,89.0,89.628,276.7
2026-08-07 15:35:00,89.556,90.67,89.0,90.402,613.55
2026-08-07 15:40:00,90.402,90.453,90.276,90.314,290.75
2026-08-07 15:45:00,90.314,91.007,89.805,89.904,336.03
2026-08-07 15:50:00,89.946,90.395,89.8,90.157,356.41
2026-08-07 15:55:00,90.217,90.225,88.518,88.904,1173.97
2026-08-07 16:00:00,88.899,89.7,88.616,89.507,375.76
2026-08-07 16:05:00,89.451,89.815,88.118,89.35,935.99
2026-08-07 16:10:00,89.186,91.0,88.891,90.65,397.02
2026-08-07 16:15:00,90.579,90.76,90.261,90.269,217.76
2026-08-07 16:20:00,90.369,90.49,89.709,90.4,363.9
2026-08-07 16:25:00,90.4,90.5,89.933,89.933,343.31
2026-08-07 16:30:00,89.952,90.025,89.434,89.929,162.44
2026-08-07 16:35:00,90.005,90.022,89.446,89.902,179.96
2026-08-07 16:40:00,89.883,90.343,89.608,90.298,173.66
2026-08-07 16:45:00,90.3,90.343,89.702,89.8,92.54
2026-08-07 16:50:00,89.67,90.343,89.605,89.764,157.62
2026-08-07 16:55:00,89.885,90.05,89.451,89.524,115.75
2026-08-07 17:00:00,89.5,89.979,89.25,89.752,124.12
2026-08-07 17:05:00,89.755,89.799,88.8,89.312,210.74
2026-08-07 17:10:00,89.396,90.21,89.0,89.809,289.41
2026-08-07 17:15:00,89.809,90.069,89.675,89.88,349.42
2026-08-07 17:20:00,89.88,89.973,89.405,89.649,106.62
2026-08-07 17:25:00,89.609,89.878,89.054,89.344,128.28
2026-08-07 17:30:00,89.186,89.382,88.496,88.603,192.2
2026-08-07 17:35:00,88.646,88.79,88.479,88.58,143.63
2026-08-07 17:40:00,88.654,89.183,88.601,88.601,116.83
2026-08-07 17:45:00,88.682,89.201,88.4,88.65,260.52
2026-08-07 17:50:00,88.732,90.0,88.037,88.789,558.19
2026-08-07 17:55:00,88.789,88.875,87.8,87.805,557.64
2026-08-07 18:00:00,87.887,88.048,87.3,87.5,1474.94
2026-08-07 18:05:00,87.5,87.956,87.427,87.719,645.97
2026-08-07 18:10:00,87.748,87.797,87.3,87.375,430.03
2026-08-07 18:15:00,87.375,87.604,87.3,87.389,361.15
2026-08-07 18:20:00,87.373,87.445,87.3,87.316,96.5
2026-08-07 18:25:00,87.328,87.89,87.3,87.646,410.02
2026-08-07 18:30:00,87.671,88.072,87.488,87.561,463.15
2026-08-07 18:35:00,87.552,88.072,87.464,87.925,258.53
2026-08-07 18:40:00,87.925,87.925,87.034,87.121,413.99
2026-08-07 18:45:00,87.126,87.899,87.102,87.35,372.61
2026-08-07 18:50:00,87.386,87.917,87.202,87.374,241.18
2026-08-07 18:55:00,87.3,87.999,87.258,87.4,193.64
2026-08-07 19:00:00,87.363,87.9,87.0,87.9,372.83
2026-08-07 19:05:00,87.805,88.0,87.476,87.956,168.92
2026-08-07 19:10:00,87.887,88.5,87.81,88.376,270.24
2026-08-07 19:15:00,88.404,88.473,87.669,88.374,222.15
2026-08-07 19:20:00,88.354,88.4,87.425,87.524,165.74
2026-08-07 19:25:00,87.562,87.7,87.347,87.48,115.44
2026-08-07 19:30:00,87.478,87.8,87.4,87.598,117.09
2026-08-07 19:35:00,87.578,88.1,87.577,87.972,137.49
2026-08-07 19:40:00,87.931,87.953,87.577,87.612,70.51
2026-08-07 19:45:00,87.618,87.784,87.577,87.577,86.55
2026-08-07 19:50:00,87.577,87.78,87.577,87.577,69.45
2026-08-07 19:55:00,87.577,87.78,87.577,87.715,70.7
2026-08-07 20:00:00,87.78,87.78,87.5,87.501,52.77
2026-08-07 20:05:00,87.517,87.778,87.5,87.5,76.52
2026-08-07 20:10:00,87.5,88.0,87.5,87.891,154.23
2026-08-07 20:15:00,87.785,88.099,87.7,87.765,79.36
2026-08-07 20:20:00,87.805,87.999,87.7,87.739,46.27
2026-08-07 20:25:00,87.772,88.1,87.7,87.7,107.66
2026-08-07 20:30:00,87.755,88.1,87.7,87.701,102.32
2026-08-07 20:35:00,87.786,88.079,87.7,87.7,151.86
2026-08-07 20:40:00,87.7,87.85,87.7,87.7,44.86
2026-08-07 20:45:00,87.7,89.865,87.7,88.757,1097.69
2026-08-07 20:50:00,88.769,89.5,88.2,88.535,378.11
2026-08-07 20:55:00,88.536,88.688,88.389,88.389,43.64
2026-08-07 21:00:00,88.389,88.655,88.229,88.229,59.39
2026-08-07 21:05:00,88.2,88.834,87.88,87.88,151.94
2026-08-07 21:10:00,87.89,88.011,87.7,87.85,98.33
2026-08-07 21:15:00,87.898,87.97,87.7,87.7,68.27
2026-08-07 21:20:00,87.7,87.731,87.021,87.045,238.24
2026-08-07 21:25:00,87.043,87.306,87.0,87.281,154.88
2026-08-07 21:30:00,87.327,88.284,87.327,88.0,374.93
2026-08-07 21:35:00,88.045,88.992,88.0,88.0,325.61
2026-08-07 21:40:00,88.0,88.567,88.0,88.064,126.47
2026-08-07 21:45:00,88.088,88.597,88.0,88.4,163.58
2026-08-07 21:50:00,88.499,88.6,87.851,87.86,211.41
2026-08-07 21:55:00,87.851,87.891,86.909,86.909,283.23
2026-08-07 22:00:00,86.909,86.977,86.489,86.489,532.79
2026-08-07 22:05:00,86.52,87.162,86.3,87.11,393.02
2026-08-07 22:10:00,87.127,87.162,86.419,87.002,185.29
2026-08-07 22:15:00,87.059,87.124,86.7,87.012,85.76
2026-08-07 22:20:00,87.081,87.415,87.048,87.334,364.98
2026-08-07 22:25:00,87.347,87.8,87.347,87.71,116.19
2026-08-07 22:30:00,87.738,88.1,87.7,87.78,372.5
2026-08-07 22:35:00,87.804,88.1,87.6,87.661,220.35
2026-08-07 22:40:00,87.654,87.797,87.349,87.384,89.2
2026-08-07 22:45:00,87.434,87.466,86.802,86.802,139.2
2026-08-07 22:50:00,86.839,86.944,86.0,86.439,492.19
2026-08-07 22:55:00,86.465,86.843,86.2,86.526,111.04
2026-08-07 23:00:00,86.622,86.716,86.11,86.267,117.6
2026-08-07 23:05:00,86.208,86.559,86.0,86.42,180.3
2026-08-07 23:10:00,86.488,87.08,86.333,86.79,224.78
2026-08-07 23:15:00,86.824,87.298,86.214,86.433,176.77
2026-08-07 23:20:00,86.443,86.619,86.0,86.213,180.33
2026-08-07 23:25:00,86.204,86.714,85.9,86.287,170.82
2026-08-07 23:30:00,86.35,86.682,86.244,86.244,229.69
2026-08-07 23:35:00,86.282,86.476,86.017,86.269,104.15
2026-08-07 23:40:00,86.234,86.421,84.5,84.626,2985.51
2026-08-07 23:45:00,84.599,84.667,84.079,84.311,810.49
2026-08-07 23:50:00,84.268,84.63,84.0,84.01,1202.06
2026-08-07 23:55:00,84.019,84.389,83.636,83.8,1070.98
2026-08-08 00:00:00,83.8,83.86,83.146,83.304,703.1
2026-08-08 00:05:00,83.35,83.51,83.039,83.476,481.34
2026-08-08 00:10:00,83.413,83.841,83.405,83.791,930.33
2026-08-08 00:15:00,83.787,85.0,83.7,84.609,807.33
2026-08-08 00:20:00,84.603,84.931,84.603,84.767,597.21
2026-08-08 00:25:00,84.794,84.898,84.603,84.603,379.46
2026-08-08 00:30:00,84.603,84.652,84.406,84.407,391.95
2026-08-08 00:35:00,84.469,84.548,84.367,84.367,238.63
2026-08-08 00:40:00,84.383,84.454,84.254,84.315,185.55
2026-08-08 00:45:00,84.314,84.5,83.773,83.804,700.45
2026-08-08 00:50:00,83.849,83.875,83.195,83.195,708.15
2026-08-08 00:55:00,83.195,83.327,81.914,81.914,1171.01
2026-08-08 01:00:00,81.915,83.157,81.9,82.337,434.03
2026-08-08 01:05:00,82.458,82.694,82.087,82.087,150.52
2026-08-08 01:10:00,82.087,82.325,81.922,82.179,312.02
2026-08-08 01:15:00,82.125,82.286,81.4,82.183,748.36
2026-08-08 01:20:00,82.119,82.371,81.903,82.188,367.84
2026-08-08 01:25:00,82.173,84.881,81.963,83.2,886.43
2026-08-08 01:30:00,83.171,83.317,82.833,83.07,156.19
2026-08-08 01:35:00,83.023,83.5,83.0,83.325,368.43
2026-08-08 01:40:00,83.262,83.441,82.4,82.4,470.3
2026-08-08 01:45:00,82.434,82.803,82.372,82.461,168.75
2026-08-08 01:50:00,82.436,82.744,82.067,82.3,267.46
2026-08-08 01:55:00,82.3,82.574,82.029,82.534,276.43
2026-08-08 02:00:00,82.484,82.638,81.976,81.976,209.26
2026-08-08 02:05:00,82.037,82.418,81.873,82.136,156.24
2026-08-08 02:10:00,82.16,82.41,81.782,82.22,217.79
2026-08-08 02:15:00,82.188,82.405,81.765,82.188,136.28
2026-08-08 02:20:00,82.196,82.196,81.432,81.972,225.79
2026-08-08 02:25:00,82.063,82.07,81.48,81.727,267.92
2026-08-08 02:30:00,81.727,81.88,81.362,81.4,165.81
2026-08-08 02:35:00,81.471,81.599,81.091,81.159,831.66
2026-08-08 02:40:00,81.322,81.565,81.182,81.201,108.17
2026-08-08 02:45:00,81.343,81.821,81.105,81.105,196.37
2026-08-08 02:50:00,81.11,81.458,81.091,81.259,91.22
2026-08-08 02:55:00,81.128,81.335,81.01,81.01,87.8
2026-08-08 03:00:00,81.01,81.952,81.01,81.196,185.25
2026-08-08 03:05:00,81.228,81.755,81.05,81.293,128.15
2026-08-08 03:10:00,81.422,81.88,81.2,81.2,93.5
2026-08-08 03:15:00,81.2,81.401,81.01,81.01,63.08
2026-08-08 03:20:00,81.083,81.283,81.0,81.102,111.21
2026-08-08 03:25:00,81.101,81.584,81.1,81.119,150.64
2026-08-08 03:30:00,81.148,81.495,81.102,81.121,154.0
2026-08-08 03:35:00,81.202,81.391,81.02,81.236,154.6
2026-08-08 03:40:00,81.312,81.855,81.1,81.855,252.41
2026-08-08 03:45:00,81.828,82.132,81.758,81.993,175.93
2026-08-08 03:50:00,81.998,81.998,81.418,81.589,92.77
2026-08-08 03:55:00,81.516,81.842,81.293,81.293,60.99
2026-08-08 04:00:00,81.303,81.607,81.223,81.296,74.54
2026-08-08 04:05:00,81.335,81.51,81.029,81.217,65.12
2026-08-08 04:10:00,81.203,81.45,80.8,80.871,522.09
2026-08-08 04:15:00,80.877,81.038,80.545,80.837,247.85
2026-08-08 04:20:00,80.845,81.041,80.723,80.986,62.33
2026-08-08 04:25:00,81.011,81.011,80.597,80.741,58.87
2026-08-08 04:30:00,80.739,80.848,80.545,80.574,58.26
2026-08-08 04:35:00,80.644,81.204,80.58,81.093,122.2
2026-08-08 04:40:00,80.978,81.033,80.631,80.659,61.99
2026-08-08 04:45:00,80.631,81.47,80.621,81.414,135.26
2026-08-08 04:50:00,81.382,81.805,81.186,81.759,164.76
2026-08-08 04:55:00,81.757,82.914,81.474,81.474,304.51
2026-08-08 05:00:00,81.474,81.583,81.303,81.427,46.27
2026-08-08 05:05:00,81.351,82.376,80.88,81.904,170.3
2026-08-08 05:10:00,81.912,83.068,81.905,82.285,239.94
2026-08-08 05:15:00,82.249,82.565,81.996,82.142,86.55
2026-08-08 05:20:00,82.192,82.869,81.967,82.468,170.53
2026-08-08 05:25:00,82.587,82.761,82.087,82.12,71.88
2026-08-08 05:30:00,82.155,82.688,82.094,82.412,127.22
2026-08-08 05:35:00,82.409,82.46,81.75,82.044,306.39
2026-08-08 05:40:00,82.167,83.489,81.012,83.051,700.54
2026-08-08 05:45:00,83.026,83.329,82.346,82.43,120.91
2026-08-08 05:50:00,82.43,82.71,82.331,82.331,69.86
2026-08-08 05:55:00,82.331,82.559,82.0,82.0,61.77
2026-08-08 06:00:00,82.0,82.74,82.0,82.049,113.88
2026-08-08 06:05:00,82.02,82.266,82.0,82.001,65.02
2026-08-08 06:10:00,82.127,82.375,81.771,81.989,122.86
2026-08-08 06:15:00,82.031,82.36,81.895,82.1,160.31
2026-08-08 06:20:00,82.1,82.588,82.1,82.215,206.31
2026-08-08 06:25:00,82.3,82.32,82.18,82.18,48.92
2026-08-08 06:30:00,82.18,82.314,82.128,82.128,54.93
2026-08-08 06:35:00,82.233,82.775,82.105,82.602,161.82
2026-08-08 06:40:00,82.553,82.664,82.264,82.372,89.66
2026-08-08 06:45:00,82.382,82.46,82.13,82.2,49.91
2026-08-08 06:50:00,82.2,82.558,82.2,82.2,77.03
2026-08-08 06:55:00,82.2,82.23,82.2,82.2,68.5
2026-08-08 07:00:00,82.2,82.347,82.14,82.14,91.8
2026-08-08 07:05:00,82.14,82.211,82.111,82.112,48.24
2026-08-08 07:10:00,82.112,82.673,82.111,82.454,130.49
2026-08-08 07:15:00,82.415,82.556,82.212,82.215,87.35
2026-08-08 07:20:00,82.215,82.409,82.128,82.274,88.59
2026-08-08 07:25:00,82.25,82.522,82.128,82.445,89.53
2026-08-08 07:30:00,82.326,82.414,82.1,82.343,103.38
2026-08-08 07:35:00,82.251,82.361,82.1,82.185,59.05
2026-08-08 07:40:00,82.235,82.94,82.135,82.182,129.53
2026-08-08 07:45:00,82.249,82.618,82.142,82.499,147.06
2026-08-08 07:50:00,82.409,82.62,82.389,82.459,37.41
2026-08-08 07:55:00,82.459,83.02,82.459,82.459,115.32
2026-08-08 08:00:00,82.459,82.514,82.459,82.459,21.72
2026-08-08 08:05:00,82.459,82.574,82.45,82.45,24.19
2026-08-08 08:10:00,82.47,82.585,82.45,82.45,28.1
2026-08-08 08:15:00,82.451,82.621,82.451,82.455,49.34
2026-08-08 08:20:00,82.454,82.7,82.45,82.486,65.47
2026-08-08 08:25:00,82.487,82.688,82.427,82.489,132.15
2026-08-08 08:30:00,82.482,82.537,82.438,82.496,45.41
2026-08-08 08:35:00,82.548,82.67,82.427,82.577,73.97
2026-08-08 08:40:00,82.61,82.61,82.427,82.483,192.17
2026-08-08 08:45:00,82.483,82.535,82.427,82.427,133.89
2026-08-08 08:50:00,82.427,82.523,82.427,82.427,58.79
2026-08-08 08:55:00,82.427,82.471,82.427,82.427,33.03
2026-08-08 09:00:00,82.461,82.478,82.427,82.427,24.58
2026-08-08 09:05:00,82.427,82.535,82.427,82.447,32.1
2026-08-08 09:10:00,82.447,82.535,82.427,82.449,75.06
2026-08-08 09:15:00,82.464,82.498,82.427,82.427,31.29
2026-08-08 09:20:00,82.461,82.5,82.427,82.455,82.81
2026-08-08 09:25:00,82.455,82.492,82.455,82.455,28.23
2026-08-08 09:30:00,82.455,82.499,82.427,82.443,38.78
2026-08-08 09:35:00,82.48,82.535,82.443,82.473,342.02
2026-08-08 09:40:00,82.473,82.503,82.444,82.468,24.38
2026-08-08 09:45:00,82.473,82.534,82.443,82.443,32.2
2026-08-08 09:50:00,82.443,82.504,82.443,82.443,26.92
2026-08-08 09:55:00,82.443,82.48,82.443,82.443,24.6
2026-08-08 10:00:00,82.443,82.535,82.443,82.443,177.66
2026-08-08 10:05:00,82.443,82.8,82.443,82.711,88.2
2026-08-08 10:10:00,82.799,82.8,82.5,82.5,68.54
2026-08-08 10:15:00,82.501,82.556,82.443,82.443,85.88
2026-08-08 10:20:00,82.484,82.634,82.443,82.445,53.9
2026-08-08 10:25:00,82.445,82.564,82.443,82.501,34.41
2026-08-08 10:30:00,82.501,82.74,82.1,82.609,461.23
2026-08-08 10:35:00,82.643,82.662,82.276,82.276,60.17
2026-08-08 10:40:00,82.33,82.354,82.1,82.1,77.7
2026-08-08 10:45:00,82.1,82.227,82.1,82.129,156.27
2026-08-08 10:50:00,82.186,82.298,82.1,82.101,221.14
2026-08-08 10:55:00,82.174,82.198,82.1,82.101,26.02
2026-08-08 11:00:00,82.12,82.187,82.101,82.101,25.2
2026-08-08 11:05:00,82.101,82.171,82.1,82.101,40.42
2026-08-08 11:10:00,82.101,82.16,82.1,82.1,87.14
2026-08-08 11:15:00,82.145,82.151,82.1,82.1,42.35
2026-08-08 11:20:00,82.155,82.161,82.1,82.1,25.91
2026-08-08 11:25:00,82.171,82.239,82.1,82.1,30.58
2026-08-08 11:30:00,82.191,82.191,82.1,82.1,25.64
2026-08-08 11:35:00,82.172,82.46,82.1,82.113,76.92
2026-08-08 11:40:00,82.166,82.235,82.1,82.102,39.82
2026-08-08 11:45:00,82.174,82.234,82.1,82.1,75.63
2026-08-08 11:50:00,82.101,82.312,82.1,82.1,46.28
2026-08-08 11:55:00,82.1,82.164,82.1,82.163,130.09
2026-08-08 12:00:00,82.157,82.166,82.1,82.1,88.65
2026-08-08 12:05:00,82.16,82.225,82.1,82.101,67.6
2026-08-08 12:10:00,82.1,82.481,82.1,82.344,105.98
2026-08-08 12:15:00,82.35,82.35,82.1,82.256,66.9
2026-08-08 12:20:00,82.315,82.323,82.1,82.1,25.29
2026-08-08 12:25:00,82.16,82.167,82.1,82.1,30.11
2026-08-08 12:30:00,82.155,82.155,82.1,82.1,32.86
2026-08-08 12:35:00,82.145,82.151,82.1,82.1,25.0
2026-08-08 12:40:00,82.146,82.156,82.1,82.1,23.43
2026-08-08 12:45:00,82.145,82.151,82.1,82.1,25.84
2026-08-08 12:50:00,82.145,82.151,82.1,82.1,22.61
2026-08-08 12:55:00,82.145,82.156,82.1,82.1,52.05
2026-08-08 13:00:00,82.139,82.145,82.1,82.1,24.62
2026-08-08 13:05:00,82.14,82.144,82.1,82.1,22.93
2026-08-08 13:10:00,82.14,82.188,82.1,82.11,43.0
2026-08-08 13:15:00,82.144,82.182,82.11,82.111,41.02
2026-08-08 13:20:00,82.159,82.182,82.1,82.159,24.62
2026-08-08 13:25:00,82.159,82.191,82.145,82.187,7.07
2026-08-08 13:30:00,82.18,82.218,82.15,82.215,18.73
2026-08-08 13:35:00,82.162,82.326,82.135,82.184,35.46
2026-08-08 13:40:00,82.137,82.259,82.137,82.187,20.76
2026-08-08 13:45:00,82.13,82.383,82.129,82.135,34.1
2026-08-08 13:50:00,82.101,82.209,82.1,82.164,27.25
2026-08-08 13:55:00,82.169,82.184,81.1,81.176,443.45
2026-08-08 14:00:00,81.179,81.497,81.04,81.124,249.61
2026-08-08 14:05:00,81.094,81.484,81.04,81.168,114.78
2026-08-08 14:10:00,81.191,81.46,81.04,81.427,67.32
2026-08-08 14:15:00,81.389,81.857,81.145,81.857,166.49
2026-08-08 14:20:00,81.832,81.97,81.475,81.586,58.0
2026-08-08 14:25:00,81.586,82.062,81.583,81.708,21.31
2026-08-08 14:30:00,81.772,82.08,81.439,82.041,41.25
2026-08-08 14:35:00,82.039,82.04,81.25,81.854,169.43
2026-08-08 14:40:00,81.742,81.748,81.495,81.69,18.26
2026-08-08 14:45:00,81.763,81.87,81.37,81.736,56.02
2026-08-08 14:50:00,81.553,81.975,81.541,81.866,36.19
2026-08-08 14:55:00,81.978,82.023,81.615,81.791,11.89
2026-08-08 15:00:00,81.831,82.155,81.621,82.111,48.81
2026-08-08 15:05:00,82.111,82.257,81.883,82.162,58.4
2026-08-08 15:10:00,82.172,82.5,81.87,82.388,64.25
2026-08-08 15:15:00,82.411,82.444,82.152,82.231,12.87
2026-08-08 15:20:00,82.26,82.5,82.171,82.316,43.57
2026-08-08 15:25:00,82.332,82.48,82.281,82.428,19.54
2026-08-08 15:30:00,82.43,82.46,82.035,82.143,40.93
2026-08-08 15:35:00,82.144,82.43,82.085,82.305,31.8
2026-08-08 15:40:00,82.305,82.315,82.248,82.315,3.42
2026-08-08 15:45:00,82.315,82.439,82.292,82.439,72.73
2026-08-08 15:50:00,82.442,82.9,82.303,82.509,83.49
2026-08-08 15:55:00,82.513,82.831,82.371,82.747,24.37
2026-08-08 16:00:00,82.73,82.9,82.175,82.9,88.34
2026-08-08 16:05:00,82.9,84.8,82.502,83.356,505.15
2026-08-08 16:10:00,83.233,83.736,83.144,83.446,77.94
2026-08-08 16:15:00,83.57,83.624,83.356,83.495,65.85
2026-08-08 16:20:00,83.547,84.001,83.496,83.953,128.98
2026-08-08 16:25:00,83.777,84.385,83.64,83.779,198.42
2026-08-08 16:30:00,83.767,83.95,83.64,83.827,45.61
2026-08-08 16:35:00,83.771,83.826,83.589,83.709,147.24
2026-08-08 16:40:00,83.727,83.74,83.589,83.737,111.73
2026-08-08 16:45:00,83.686,84.5,83.678,84.4,172.17
2026-08-08 16:50:00,84.378,84.54,83.72,83.911,229.83
2026-08-08 16:55:00,83.91,83.965,83.783,83.842,17.25
2026-08-08 17:00:00,83.842,84.062,83.842,84.062,14.25
2026-08-08 17:05:00,83.982,84.006,83.68,83.777,96.77
2026-08-08 17:10:00,83.777,83.909,83.64,83.776,62.45
2026-08-08 17:15:00,83.755,83.848,83.721,83.798,4.99
2026-08-08 17:20:00,83.72,83.986,83.66,83.909,21.09
2026-08-08 17:25:00,83.959,83.959,83.8,83.82,5.24
2026-08-08 17:30:00,83.828,84.0,83.753,83.798,17.32
2026-08-08 17:35:00,83.756,84.048,83.71,83.818,35.13
2026-08-08 17:40:00,83.802,83.84,83.771,83.813,10.82
2026-08-08 17:45:00,83.891,83.905,83.7,83.706,17.83
2026-08-08 17:50:00,83.7,83.729,83.66,83.724,7.98
2026-08-08 17:55:00,83.729,83.735,83.589,83.589,100.74
2026-08-08 18:00:00,83.589,83.648,83.589,83.624,34.15
2026-08-08 18:05:00,83.59,83.625,83.589,83.599,51.52
2026-08-08 18:10:00,83.589,83.6,83.589,83.6,15.9
2026-08-08 18:15:00,83.599,83.64,83.589,83.6,64.87
2026-08-08 18:20:00,83.599,83.7,83.599,83.647,46.38
2026-08-08 18:25:00,83.645,84.66,83.6,84.03,290.89
2026-08-08 18:30:00,84.036,84.118,83.747,83.757,120.93
2026-08-08 18:35:00,83.757,83.759,83.593,83.6,16.85
2026-08-08 18:40:00,83.6,84.32,83.24,84.32,407.02
2026-08-08 18:45:00,84.375,84.38,84.262,84.38,38.22
2026-08-08 18:50:00,84.38,84.381,84.312,84.381,25.98
2026-08-08 18:55:00,84.38,84.508,84.38,84.508,17.66
2026-08-08 19:00:00,84.539,84.776,84.5,84.641,134.14
2026-08-08 19:05:00,84.55,84.786,84.548,84.726,21.94
2026-08-08 19:10:00,84.656,84.727,84.265,84.48,17.76
2026-08-08 19:15:00,84.41,84.468,84.376,84.457,140.78
2026-08-08 19:20:00,84.377,84.511,84.377,84.43,27.18
2026-08-08 19:25:00,84.445,84.52,84.43,84.511,37.91
2026-08-08 19:30:00,84.43,84.638,84.43,84.527,25.15
2026-08-08 19:35:00,84.454,84.575,84.43,84.512,31.57
2026-08-08 19:40:00,84.431,84.783,84.431,84.71,23.11
2026-08-08 19:45:00,84.698,84.782,84.523,84.572,12.44
2026-08-08 19:50:00,84.524,84.6,84.439,84.541,14.52
2026-08-08 19:55:00,84.492,84.9,84.488,84.868,111.0
2026-08-08 20:00:00,84.821,84.962,84.784,84.938,20.98
2026-08-08 20:05:00,84.89,84.962,84.837,84.909,24.22
2026-08-08 20:10:00,84.864,84.9,84.691,84.85,19.55
2026-08-08 20:15:00,84.83,84.842,84.473,84.52,10.95
2026-08-08 20:20:00,84.463,84.502,84.442,84.477,12.09
2026-08-08 20:25:00,84.445,84.478,84.43,84.478,18.28
2026-08-08 20:30:00,84.447,84.478,84.441,84.476,6.73
2026-08-08 20:35:00,84.443,85.0,84.431,84.483,131.52
2026-08-08 20:40:00,84.433,84.5,84.431,84.495,7.22
2026-08-08 20:45:00,84.451,85.0,84.45,84.736,70.87
2026-08-08 20:50:00,84.712,84.884,84.712,84.884,6.4
2026-08-08 20:55:00,84.869,84.869,84.535,84.755,14.95
2026-08-08 21:00:00,84.795,84.973,84.558,84.876,52.45
2026-08-08 21:05:00,84.894,85.0,84.772,84.971,18.35
2026-08-08 21:10:00,84.931,84.974,84.716,84.904,32.22
2026-08-08 21:15:00,84.846,85.0,84.841,84.934,4.59
2026-08-08 21:20:00,84.871,84.934,84.812,84.902,17.21
2026-08-08 21:25:00,84.852,84.926,84.752,84.89,44.07
2026-08-08 21:30:00,84.836,84.988,84.705,84.921,53.0
2026-08-08 21:35:00,84.806,85.0,84.803,84.99,17.66
2026-08-08 21:40:00,84.951,85.0,84.783,85.0,19.22
2026-08-08 21:45:00,84.952,85.0,84.865,84.984,6.31
2026-08-08 21:50:00,84.951,85.0,84.949,85.0,21.58
2026-08-08 21:55:00,84.966,85.278,84.964,85.123,106.94
2026-08-08 22:00:00,85.089,85.22,85.078,85.22,11.02
2026-08-08 22:05:00,85.187,85.304,85.148,85.178,30.92
2026-08-08 22:10:00,85.14,85.158,85.0,85.084,33.19
2026-08-08 22:15:00,85.059,85.06,85.0,85.052,55.26
2026-08-08 22:20:00,85.0,85.87,85.0,85.065,360.46
2026-08-08 22:25:00,85.001,85.066,85.0,85.064,38.51
2026-08-08 22:30:00,85.0,85.07,85.0,85.067,5.03
2026-08-08 22:35:00,85.0,85.066,85.0,85.064,14.93
2026-08-08 22:40:00,85.0,85.067,85.0,85.064,16.69
2026-08-08 22:45:00,85.002,85.084,85.0,85.056,22.8
2026-08-08 22:50:00,85.001,85.078,85.0,85.078,4.98
2026-08-08 22:55:00,85.0,85.285,85.0,85.067,35.56
2026-08-08 23:00:00,85.074,85.293,85.067,85.292,19.54
2026-08-08 23:05:00,85.254,85.294,85.213,85.291,10.83
2026-08-08 23:10:00,85.247,85.293,85.242,85.288,15.42
2026-08-08 23:15:00,85.289,85.294,85.177,85.248,22.81
2026-08-08 23:20:00,85.222,85.276,85.11,85.246,16.66
2026-08-08 23:25:00,85.213,85.253,85.123,85.127,5.74
2026-08-08 23:30:00,85.084,85.429,85.0,85.344,138.57
2026-08-08 23:35:00,85.328,85.371,85.277,85.293,135.06
2026-08-08 23:40:00,85.287,85.582,85.287,85.468,114.62
2026-08-08 23:45:00,85.467,85.688,85.42,85.551,67.39
2026-08-08 23:50:00,85.521,85.524,85.437,85.466,77.51
2026-08-08 23:55:00,85.503,85.812,85.37,85.46,259.51
2026-08-09 00:00:00,85.374,85.523,85.315,85.523,182.43
2026-08-09 00:05:00,85.524,85.783,85.303,85.374,95.64
2026-08-09 00:10:00,85.323,85.443,85.323,85.443,13.73
2026-08-09 00:15:00,85.442,85.469,85.442,85.469,3.67
2026-08-09 00:20:00,85.469,85.586,85.414,85.486,52.71
2026-08-09 00:25:00,85.532,85.741,85.411,85.414,125.08
2026-08-09 00:30:00,85.384,85.668,85.325,85.6,18.11
2026-08-09 00:35:00,85.596,85.799,85.558,85.799,8.26
2026-08-09 00:40:00,85.793,85.847,85.6,85.631,12.06
2026-08-09 00:45:00,85.634,85.93,85.601,85.71,33.14
2026-08-09 00:50:00,85.71,85.716,85.6,85.695,34.53
2026-08-09 00:55:00,85.677,85.729,85.61,85.647,28.93
2026-08-09 01:00:00,85.637,85.682,85.6,85.629,14.69
2026-08-09 01:05:00,85.636,85.76,85.529,85.609,76.4
2026-08-09 01:10:00,85.619,85.712,85.516,85.525,31.08
2026-08-09 01:15:00,85.482,85.664,85.468,85.624,24.39
2026-08-09 01:20:00,85.635,85.651,85.526,85.589,11.73
2026-08-09 01:25:00,85.575,85.613,85.554,85.604,5.92
2026-08-09 01:30:00,85.579,85.754,85.526,85.562,53.8
2026-08-09 01:35:00,85.556,85.664,85.525,85.621,16.93
2026-08-09 01:40:00,85.615,85.659,85.4,85.437,48.4
2026-08-09 01:45:00,85.44,85.525,85.44,85.474,16.91
2026-08-09 01:50:00,85.474,85.517,85.446,85.456,7.0
2026-08-09 01:55:00,85.431,85.504,85.42,85.475,11.26
2026-08-09 02:00:00,85.475,85.511,85.437,85.478,42.96
2026-08-09 02:05:00,85.492,85.519,85.4,85.444,16.22
2026-08-09 02:10:00,85.432,85.518,85.398,85.435,58.68
2026-08-09 02:15:00,85.464,85.607,85.398,85.506,71.66
2026-08-09 02:20:00,85.507,85.576,85.413,85.524,133.59
2026-08-09 02:25:00,85.487,85.618,85.439,85.534,64.78
2026-08-09 02:30:00,85.534,85.55,85.394,85.45,37.71
2026-08-09 02:35:00,85.471,85.503,85.392,85.431,29.02
2026-08-09 02:40:00,85.392,85.544,85.392,85.464,26.26
2026-08-09 02:45:00,85.464,85.556,85.426,85.476,37.36
2026-08-09 02:50:00,85.499,85.559,85.43,85.434,41.95
2026-08-09 02:55:00,85.449,85.536,85.407,85.5,19.82
2026-08-09 03:00:00,85.52,85.524,85.396,85.49,19.34
2026-08-09 03:05:00,85.5,85.524,85.429,85.462,4.83
2026-08-09 03:10:00,85.466,85.7,85.392,85.649,54.54
2026-08-09 03:15:00,85.637,85.755,85.528,85.619,134.24
2026-08-09 03:20:00,85.66,85.784,85.59,85.657,43.17
2026-08-09 03:25:00,85.657,85.699,85.39,85.45,27.33
2026-08-09 03:30:00,85.463,85.553,85.397,85.446,21.57
2026-08-09 03:35:00,85.456,85.699,85.425,85.623,17.65
2026-08-09 03:40:00,85.628,85.693,85.391,85.481,23.36
2026-08-09 03:45:00,85.471,85.529,85.42,85.438,8.96
2026-08-09 03:50:00,85.397,85.501,85.347,85.453,239.41
2026-08-09 03:55:00,85.47,85.501,85.41,85.501,20.56
2026-08-09 04:00:00,85.5,85.501,85.345,85.501,59.94
2026-08-09 04:05:00,85.446,85.501,85.446,85.501,6.82
2026-08-09 04:10:00,85.501,85.501,85.452,85.501,3.73
2026-08-09 04:15:00,85.501,85.501,85.429,85.501,40.62
2026-08-09 04:20:00,85.501,85.501,85.439,85.501,3.7
2026-08-09 04:25:00,85.501,85.501,85.434,85.5,45.69
2026-08-09 04:30:00,85.5,85.501,85.45,85.494,17.43
2026-08-09 04:35:00,85.5,85.501,85.431,85.5,7.27
2026-08-09 04:40:00,85.443,85.501,85.404,85.501,6.25
2026-08-09 04:45:00,85.444,85.444,85.434,85.434,0.9
2026-08-09 04:50:00,85.434,85.501,85.411,85.501,8.96
2026-08-09 04:55:00,85.433,85.501,85.433,85.501,3.15
2026-08-09 05:00:00,85.434,85.5,85.356,85.356,9.93
2026-08-09 05:05:00,85.427,85.456,85.333,85.344,64.03
2026-08-09 05:10:00,85.334,85.42,85.334,85.42,3.09
2026-08-09 05:15:00,85.359,85.501,85.336,85.413,239.75
2026-08-09 05:20:00,85.368,85.477,85.33,85.419,20.99
2026-08-09 05:25:00,85.419,85.495,85.419,85.479,2.22
2026-08-09 05:30:00,85.419,85.486,85.408,85.444,3.64
2026-08-09 05:35:00,85.457,85.461,85.337,85.413,17.76
2026-08-09 05:40:00,85.413,85.413,85.329,85.413,7.51
2026-08-09 05:45:00,85.348,85.412,85.327,85.391,18.89
2026-08-09 05:50:00,85.392,85.5,85.333,85.5,3.05
2026-08-09 05:55:00,85.5,85.5,85.334,85.388,7.31
2026-08-09 06:00:00,85.388,85.388,85.327,85.388,8.06
2026-08-09 06:05:00,85.388,85.434,85.319,85.404,61.39
2026-08-09 06:10:00,85.332,85.427,85.297,85.408,120.73
2026-08-09 06:15:00,85.408,85.427,85.298,85.298,15.21
2026-08-09 06:20:00,85.298,85.403,85.291,85.336,50.9
2026-08-09 06:25:00,85.291,85.383,85.289,85.383,30.58
2026-08-09 06:30:00,85.337,85.37,85.287,85.37,14.16
2026-08-09 06:35:00,85.342,85.356,85.287,85.356,5.06
2026-08-09 06:40:00,85.326,85.378,85.285,85.361,23.11
2026-08-09 06:45:00,85.328,85.366,85.283,85.329,20.71
2026-08-09 06:50:00,85.286,85.343,85.263,85.326,148.29
2026-08-09 06:55:00,85.322,85.359,85.261,85.328,13.42
2026-08-09 07:00:00,85.326,85.358,85.305,85.312,2.8
2026-08-09 07:05:00,85.312,85.352,85.261,85.299,14.97
2026-08-09 07:10:00,85.261,85.341,85.261,85.32,9.19
2026-08-09 07:15:00,85.341,85.393,85.31,85.393,11.07
2026-08-09 07:20:00,85.421,85.425,85.38,85.423,2.72
2026-08-09 07:25:00,85.425,85.501,85.425,85.501,2.05
2026-08-09 07:30:00,85.501,85.501,85.424,85.471,5.66
2026-08-09 07:35:00,85.471,85.5,85.44,85.466,2.8
2026-08-09 07:40:00,85.466,85.466,85.367,85.423,8.92
2026-08-09 07:45:00,85.428,85.477,85.426,85.477,7.96
2026-08-09 07:50:00,85.46,85.501,85.38,85.465,11.25
2026-08-09 07:55:00,85.46,85.501,85.451,85.492,3.72
2026-08-09 08:00:00,85.492,85.501,85.442,85.45,5.45
2026-08-09 08:05:00,85.491,85.501,85.45,85.501,7.52
2026-08-09 08:10:00,85.501,85.501,85.458,85.501,5.97
2026-08-09 08:15:00,85.501,85.601,85.401,85.596,73.87
2026-08-09 08:20:00,85.549,85.677,85.54,85.677,8.08
2026-08-09 08:25:00,85.638,85.684,85.621,85.631,41.69
2026-08-09 08:30:00,85.672,85.696,85.562,85.611,26.52
2026-08-09 08:35:00,85.619,85.683,85.618,85.683,8.21
2026-08-09 08:40:00,85.667,85.683,85.582,85.623,15.79
2026-08-09 08:45:00,85.619,85.629,85.582,85.626,2.79
2026-08-09 08:50:00,85.626,85.659,85.594,85.651,3.64
2026-08-09 08:55:00,85.642,85.66,85.582,85.619,6.86
2026-08-09 09:00:00,85.615,85.623,85.425,85.622,35.4
2026-08-09 09:05:00,85.59,85.624,85.526,85.575,7.31
2026-08-09 09:10:00,85.578,85.621,85.572,85.609,2.05
2026-08-09 09:15:00,85.584,85.758,85.527,85.565,21.42
2026-08-09 09:20:00,85.577,86.101,85.261,85.362,428.82
2026-08-09 09:25:00,85.429,85.562,85.414,85.515,4.65
2026-08-09 09:30:00,85.515,85.566,85.515,85.557,8.2
2026-08-09 09:35:00,85.557,85.562,85.514,85.518,4.06
2026-08-09 09:40:00,85.554,85.559,85.509,85.519,4.2
2026-08-09 09:45:00,85.519,85.709,85.5,85.634,37.33
2026-08-09 09:50:00,85.634,85.639,85.59,85.62,5.6
2026-08-09 09:55:00,85.62,85.62,85.5,85.574,34.27
2026-08-09 10:00:00,85.579,85.674,85.536,85.674,45.7
2026-08-09 10:05:00,85.643,85.667,85.255,85.298,83.01
2026-08-09 10:10:00,85.303,85.442,85.255,85.373,22.57
2026-08-09 10:15:00,85.373,85.403,85.288,85.399,19.82
2026-08-09 10:20:00,85.413,85.442,85.364,85.401,9.72
2026-08-09 10:25:00,85.437,85.51,85.406,85.502,10.74
2026-08-09 10:30:00,85.502,85.59,85.498,85.59,9.69
2026-08-09 10:35:00,85.595,85.601,85.538,85.562,10.61
2026-08-09 10:40:00,85.599,85.605,85.53,85.56,9.84
2026-08-09 10:45:00,85.583,85.636,85.56,85.589,9.55
2026-08-09 10:50:00,85.626,85.637,85.433,85.493,17.02
2026-08-09 10:55:00,85.493,85.582,85.493,85.527,11.17
2026-08-09 11:00:00,85.545,85.567,85.244,85.345,85.99
2026-08-09 11:05:00,85.349,85.35,85.24,85.294,39.03
2026-08-09 11:10:00,85.303,85.307,85.24,85.281,18.43
2026-08-09 11:15:00,85.284,85.37,85.238,85.315,39.02
2026-08-09 11:20:00,85.354,85.381,85.312,85.353,8.63
2026-08-09 11:25:00,85.353,85.353,85.289,85.29,18.35
2026-08-09 11:30:00,85.326,85.328,85.238,85.269,23.3
2026-08-09 11:35:00,85.311,85.328,85.238,85.312,14.5
2026-08-09 11:40:00,85.312,85.323,85.238,85.279,18.73
2026-08-09 11:45:00,85.279,85.295,85.238,85.279,6.28
2026-08-09 11:50:00,85.243,85.938,85.238,85.354,110.9
2026-08-09 11:55:00,85.323,85.365,85.31,85.341,2.57
2026-08-09 12:00:00,85.341,85.345,85.268,85.329,12.98
2026-08-09 12:05:00,85.28,85.334,85.234,85.267,48.03
2026-08-09 12:10:00,85.267,85.267,85.234,85.267,10.28
2026-08-09 12:15:00,85.267,85.267,85.234,85.267,2.2
2026-08-09 12:20:00,85.267,85.267,85.233,85.267,2.06
2026-08-09 12:25:00,85.267,85.267,85.232,85.267,2.05
2026-08-09 12:30:00,85.267,85.267,85.232,85.232,8.06
2026-08-09 12:35:00,85.232,85.3,85.232,85.262,8.73
2026-08-09 12:40:00,85.252,85.35,85.226,85.293,63.07
2026-08-09 12:45:00,85.325,85.494,85.325,85.372,20.25
2026-08-09 12:50:00,85.359,85.378,85.227,85.227,8.42
2026-08-09 12:55:00,85.226,85.285,85.226,85.246,7.89
2026-08-09 13:00:00,85.246,85.288,85.246,85.247,12.02
2026-08-09 13:05:00,85.246,85.291,85.246,85.247,7.59
2026-08-09 13:10:00,85.246,85.301,85.246,85.248,7.57
2026-08-09 13:15:00,85.287,85.291,85.214,85.215,101.88
2026-08-09 13:20:00,85.214,85.282,85.21,85.258,29.66
2026-08-09 13:25:00,85.21,85.85,85.0,85.627,412.22
2026-08-09 13:30:00,85.66,86.9,85.611,86.641,720.37
2026-08-09 13:35:00,86.718,86.9,86.462,86.645,95.62
2026-08-09 13:40:00,86.654,86.684,86.502,86.537,34.14
2026-08-09 13:45:00,86.565,86.922,86.491,86.813,90.92
2026-08-09 13:50:00,86.834,86.942,86.784,86.924,17.01
2026-08-09 13:55:00,86.921,86.998,86.888,86.948,45.04
2026-08-09 14:00:00,86.973,88.0,86.922,87.896,1194.69
2026-08-09 14:05:00,87.895,87.895,87.488,87.688,136.89
2026-08-09 14:10:00,87.699,87.749,87.467,87.676,53.82
2026-08-09 14:15:00,87.719,87.736,87.4,87.663,52.23
2026-08-09 14:20:00,87.684,87.698,87.396,87.492,34.42
2026-08-09 14:25:00,87.499,87.5,87.439,87.491,17.24
2026-08-09 14:30:00,87.494,87.5,85.35,86.371,754.93
2026-08-09 14:35:00,86.389,87.133,86.372,86.7,208.8
2026-08-09 14:40:00,86.814,86.839,85.419,85.881,337.26
2026-08-09 14:45:00,85.893,86.368,85.549,85.875,65.35
2026-08-09 14:50:00,85.866,86.172,85.829,86.096,33.38
2026-08-09 14:55:00,86.121,86.498,86.105,86.435,53.46
2026-08-09 15:00:00,86.499,86.56,86.2,86.499,36.68
2026-08-09 15:05:00,86.499,87.195,86.499,87.131,29.93
2026-08-09 15:10:00,87.148,87.896,86.901,87.695,301.19
2026-08-09 15:15:00,87.798,87.875,86.901,87.191,190.09
2026-08-09 15:20:00,87.253,87.689,87.191,87.603,56.49
2026-08-09 15:25:00,87.629,87.715,87.431,87.542,23.62
2026-08-09 15:30:00,87.564,87.896,87.385,87.794,92.47
2026-08-09 15:35:00,87.866,87.896,87.287,87.555,50.12
2026-08-09 15:40:00,87.532,87.706,86.939,87.699,103.56
2026-08-09 15:45:00,87.71,87.745,87.578,87.616,18.04
2026-08-09 15:50:00,87.647,87.666,87.249,87.666,74.6
2026-08-09 15:55:00,87.66,87.666,87.014,87.517,77.33
2026-08-09 16:00:00,87.553,87.579,87.265,87.465,21.28
2026-08-09 16:05:00,87.474,87.481,87.169,87.475,35.95
2026-08-09 16:10:00,87.476,87.481,87.365,87.395,29.79
2026-08-09 16:15:00,87.394,87.481,87.358,87.453,40.14
2026-08-09 16:20:00,87.453,87.481,87.007,87.43,76.37
2026-08-09 16:25:00,87.41,87.588,87.216,87.543,162.46
2026-08-09 16:30:00,87.55,87.551,87.273,87.273,28.0
2026-08-09 16:35:00,87.298,87.551,87.266,87.465,139.66
2026-08-09 16:40:00,87.477,87.551,87.344,87.457,19.39
2026-08-09 16:45:00,87.529,88.126,87.5,87.621,420.41
2026-08-09 16:50:00,87.664,87.777,87.6,87.7,56.88
2026-08-09 16:55:00,87.762,87.839,87.7,87.753,50.11
2026-08-09 17:00:00,87.768,88.7,87.5,87.601,322.6
2026-08-09 17:05:00,87.655,87.661,87.429,87.471,98.64
2026-08-09 17:10:00,87.486,87.559,87.435,87.544,15.07
2026-08-09 17:15:00,87.54,87.713,87.486,87.562,23.34
2026-08-09 17:20:00,87.564,87.734,87.487,87.511,22.91
2026-08-09 17:25:00,87.52,87.616,87.389,87.474,67.14
2026-08-09 17:30:00,87.48,87.571,87.1,87.155,146.11
2026-08-09 17:35:00,87.195,87.238,87.16,87.207,13.65
2026-08-09 17:40:00,87.207,87.732,87.169,87.598,124.76
2026-08-09 17:45:00,87.599,87.671,87.391,87.396,31.67
2026-08-09 17:50:00,87.426,87.732,86.412,86.982,323.79
2026-08-09 17:55:00,87.015,87.105,86.613,87.105,59.4
2026-08-09 18:00:00,87.105,87.13,86.412,86.668,131.68
2026-08-09 18:05:00,86.639,86.876,86.412,86.659,29.83
2026-08-09 18:10:00,86.548,86.906,86.548,86.859,27.44
2026-08-09 18:15:00,86.876,87.112,86.778,86.984,34.42
2026-08-09 18:20:00,86.953,87.153,86.953,87.131,13.28
2026-08-09 18:25:00,87.222,87.438,87.104,87.36,49.39
2026-08-09 18:30:00,87.36,87.588,87.357,87.551,15.3
2026-08-09 18:35:00,87.588,87.882,87.51,87.783,171.09
2026-08-09 18:40:00,87.808,87.855,87.273,87.7,79.87
2026-08-09 18:45:00,87.74,87.8,87.583,87.583,19.63
2026-08-09 18:50:00,87.639,87.659,87.557,87.557,14.07
2026-08-09 18:55:00,87.597,87.716,87.462,87.708,17.19
2026-08-09 19:00:00,87.725,87.796,87.623,87.644,15.65
2026-08-09 19:05:00,87.679,87.709,87.623,87.623,14.66
2026-08-09 19:10:00,87.655,87.739,87.524,87.671,20.95
2026-08-09 19:15:00,87.668,87.682,87.4,87.444,21.19
2026-08-09 19:20:00,87.448,87.702,87.4,87.622,34.13
2026-08-09 19:25:00,87.642,87.822,87.632,87.752,15.08
2026-08-09 19:30:00,87.784,87.857,87.735,87.795,21.96
2026-08-09 19:35:00,87.839,87.864,87.764,87.769,20.73
2026-08-09 19:40:00,87.794,87.845,87.095,87.658,221.94
2026-08-09 19:45:00,87.67,87.95,87.67,87.73,18.11
2026-08-09 19:50:00,87.769,87.941,87.158,87.406,106.97
2026-08-09 19:55:00,87.405,87.548,87.289,87.403,28.82
2026-08-09 20:00:00,87.438,87.71,87.43,87.532,55.92
2026-08-09 20:05:00,87.537,87.582,87.003,87.07,59.86
2026-08-09 20:10:00,87.111,87.261,87.102,87.186,18.94
2026-08-09 20:15:00,87.16,87.5,87.16,87.478,174.65
2026-08-09 20:20:00,87.5,87.632,87.248,87.254,33.45
2026-08-09 20:25:00,87.283,87.647,87.165,87.446,43.85
2026-08-09 20:30:00,87.516,87.662,87.353,87.508,25.95
2026-08-09 20:35:00,87.507,87.611,87.138,87.41,17.55
2026-08-09 20:40:00,87.429,87.453,86.777,87.132,242.29
2026-08-09 20:45:00,87.121,87.256,87.12,87.256,11.25
2026-08-09 20:50:00,87.256,87.46,87.0,87.073,156.87
2026-08-09 20:55:00,87.083,87.199,87.0,87.0,169.08
2026-08-09 21:00:00,87.058,87.117,87.0,87.066,33.99
2026-08-09 21:05:00,87.066,87.166,87.0,87.08,30.04
2026-08-09 21:10:00,87.08,87.08,87.0,87.0,11.37
2026-08-09 21:15:00,87.047,87.08,87.0,87.075,18.12
2026-08-09 21:20:00,87.079,87.1,87.032,87.1,16.23
2026-08-09 21:25:00,87.1,87.1,87.025,87.1,10.67
2026-08-09 21:30:00,87.1,87.515,87.057,87.515,51.61
2026-08-09 21:35:00,87.552,87.568,87.295,87.526,23.03
2026-08-09 21:40:00,87.53,87.588,87.1,87.142,40.73
2026-08-09 21:45:00,87.142,87.165,87.018,87.075,29.07
2026-08-09 21:50:00,87.055,87.096,87.054,87.076,10.81
2026-08-09 21:55:00,87.076,87.162,87.0,87.124,44.57
2026-08-09 22:00:00,87.065,87.073,86.777,86.973,87.01
2026-08-09 22:05:00,87.004,87.02,86.809,87.0,23.24
2026-08-09 22:10:00,87.0,87.101,86.839,87.101,15.73
2026-08-09 22:15:00,87.1,87.106,87.039,87.076,14.8
2026-08-09 22:20:00,87.076,87.584,87.028,87.494,55.22
2026-08-09 22:25:00,87.494,87.608,87.242,87.608,88.45
2026-08-09 22:30:00,87.608,87.615,87.317,87.517,66.08
2026-08-09 22:35:00,87.52,87.595,87.141,87.393,61.7
2026-08-09 22:40:00,87.393,87.556,87.336,87.479,17.95
2026-08-09 22:45:00,87.524,87.536,86.924,87.341,84.0
2026-08-09 22:50:00,87.297,87.534,87.279,87.405,41.99
2026-08-09 22:55:00,87.409,87.437,87.344,87.436,17.02
2026-08-09 23:00:00,87.436,87.436,86.724,87.259,127.71
2026-08-09 23:05:00,87.259,87.265,86.978,87.259,114.85
2026-08-09 23:10:00,87.261,87.359,87.209,87.359,21.26
2026-08-09 23:15:00,87.359,87.437,87.314,87.4,33.2
2026-08-09 23:20:00,87.4,87.437,87.2,87.435,81.0
2026-08-09 23:25:00,87.436,87.436,87.226,87.333,43.65
2026-08-09 23:30:00,87.333,87.437,87.286,87.436,58.57
2026-08-09 23:35:00,87.436,87.437,87.355,87.382,38.54
2026-08-09 23:40:00,87.43,87.437,87.179,87.375,97.77
2026-08-09 23:45:00,87.433,87.631,87.358,87.591,91.96
2026-08-09 23:50:00,87.59,87.679,87.28,87.572,100.67
2026-08-09 23:55:00,87.606,87.751,86.412,87.403,258.67
2026-08-10 00:00:00,87.424,87.75,87.424,87.75,37.2
2026-08-10 00:05:00,87.75,87.751,87.273,87.374,35.36
2026-08-10 00:10:00,87.362,87.734,87.362,87.734,21.42
2026-08-10 00:15:00,87.742,87.751,87.4,87.625,79.44
2026-08-10 00:20:00,87.622,87.7,87.615,87.7,32.57
2026-08-10 00:25:00,87.7,87.88,87.671,87.806,141.78
2026-08-10 00:30:00,87.846,88.0,87.8,87.912,109.54
2026-08-10 00:35:00,87.912,87.983,87.8,87.914,36.13
2026-08-10 00:40:00,87.939,88.0,87.893,88.0,53.86
2026-08-10 00:45:00,88.0,88.0,87.85,87.85,30.31
2026-08-10 00:50:00,87.875,87.927,87.821,87.88,17.25
2026-08-10 00:55:00,87.88,88.0,87.867,87.959,36.1
2026-08-10 01:00:00,88.0,88.888,87.943,88.145,555.54
2026-08-10 01:05:00,88.145,88.212,88.0,88.0,32.13
2026-08-10 01:10:00,88.047,88.066,87.856,88.027,164.33
2026-08-10 01:15:00,88.137,88.25,87.967,88.042,35.23
2026-08-10 01:20:00,88.041,88.042,87.974,88.041,11.49
2026-08-10 01:25:00,88.041,88.042,87.934,87.934,38.4
2026-08-10 01:30:00,87.981,88.042,87.8,87.869,83.66
2026-08-10 01:35:00,87.869,87.945,87.84,87.945,9.18
2026-08-10 01:40:00,87.945,87.988,87.879,87.915,11.38
2026-08-10 01:45:00,87.927,87.988,87.896,87.986,27.73
2026-08-10 01:50:00,87.981,87.988,87.924,87.987,8.12
2026-08-10 01:55:00,87.987,87.988,87.895,87.973,13.72
2026-08-10 02:00:00,87.925,87.988,87.819,87.988,21.4
2026-08-10 02:05:00,87.987,87.988,87.907,87.988,10.63
2026-08-10 02:10:00,87.988,87.988,87.903,87.931,14.56
2026-08-10 02:15:00,87.962,87.988,87.936,87.988,10.99
2026-08-10 02:20:00,87.988,87.988,87.923,87.988,8.62
2026-08-10 02:25:00,87.988,87.988,87.93,87.988,9.58
2026-08-10 02:30:00,87.988,87.988,87.925,87.988,8.75
2026-08-10 02:35:00,87.988,87.988,87.933,87.988,14.63
2026-08-10 02:40:00,87.945,87.988,87.923,87.987,12.79
2026-08-10 02:45:00,87.988,87.988,87.939,87.988,9.42
2026-08-10 02:50:00,87.988,87.988,87.5,87.634,168.87
2026-08-10 02:55:00,87.615,87.904,87.573,87.581,30.83
2026-08-10 03:00:00,87.609,87.697,87.5,87.615,52.44
2026-08-10 03:05:00,87.616,87.723,87.4,87.42,67.23
2026-08-10 03:10:00,87.454,87.988,87.3,87.81,316.74
2026-08-10 03:15:00,87.85,87.987,87.85,87.962,32.87
2026-08-10 03:20:00,87.962,87.988,87.962,87.987,8.02
2026-08-10 03:25:00,87.987,87.988,87.962,87.988,14.62
2026-08-10 03:30:00,87.988,87.988,87.962,87.962,15.8
2026-08-10 03:35:00,87.988,87.988,87.962,87.988,14.44
2026-08-10 03:40:00,87.988,87.988,87.962,87.988,22.02
2026-08-10 03:45:00,87.988,88.042,87.963,88.005,228.6
2026-08-10 03:50:00,88.042,88.042,87.967,88.017,36.4
2026-08-10 03:55:00,88.015,88.042,87.962,88.021,24.44
2026-08-10 04:00:00,88.022,88.022,87.967,87.985,16.75
2026-08-10 04:05:00,88.021,88.022,87.963,88.022,11.48
2026-08-10 04:10:00,88.022,88.036,87.962,87.964,43.77
2026-08-10 04:15:00,88.026,88.042,87.965,88.042,10.28
2026-08-10 04:20:00,88.042,88.042,87.976,88.042,10.56
2026-08-10 04:25:00,88.042,88.042,88.001,88.042,7.38
2026-08-10 04:30:00,88.042,88.042,87.986,88.042,8.49
2026-08-10 04:35:00,88.042,88.042,88.001,88.042,9.85
2026-08-10 04:40:00,88.042,88.042,87.979,88.042,14.66
2026-08-10 04:45:00,88.002,88.042,87.962,88.042,42.56
2026-08-10 04:50:00,88.042,88.042,87.25,87.838,200.83
2026-08-10 04:55:00,87.95,88.105,87.9,88.049,75.11
2026-08-10 05:00:00,88.105,88.105,88.038,88.104,10.44
2026-08-10 05:05:00,88.104,88.105,88.038,88.105,10.96
2026-08-10 05:10:00,88.105,88.105,88.06,88.105,10.06
2026-08-10 05:15:00,88.062,88.105,88.059,88.105,9.39
2026-08-10 05:20:00,88.104,88.198,88.029,88.141,46.59
2026-08-10 05:25:00,88.182,88.201,88.09,88.154,14.78
2026-08-10 05:30:00,88.093,88.163,88.093,88.163,7.89
2026-08-10 05:35:00,88.163,88.175,88.092,88.092,17.54
2026-08-10 05:40:00,88.099,88.176,88.099,88.168,20.65
2026-08-10 05:45:00,88.168,88.198,88.069,88.069,28.72
2026-08-10 05:50:00,88.112,88.164,88.078,88.136,7.98
2026-08-10 05:55:00,88.164,88.208,88.137,88.153,19.97
2026-08-10 06:00:00,88.187,88.211,88.162,88.211,8.28
2026-08-10 06:05:00,88.211,88.211,88.091,88.097,28.83
2026-08-10 06:10:00,88.075,88.106,87.818,87.935,11.03
2026-08-10 06:15:00,88.059,88.204,88.059,88.159,27.17
2026-08-10 06:20:00,88.173,88.211,87.827,88.114,45.93
2026-08-10 06:25:00,88.112,88.135,87.714,87.784,17.62
2026-08-10 06:30:00,87.79,88.211,87.79,88.211,26.45
2026-08-10 06:35:00,88.211,88.211,88.164,88.211,7.23
2026-08-10 06:40:00,88.172,88.211,88.158,88.164,10.03
2026-08-10 06:45:00,88.205,88.211,88.172,88.211,8.23
2026-08-10 06:50:00,88.164,88.211,88.129,88.129,23.77
2026-08-10 06:55:00,88.173,88.211,87.916,87.976,30.93
2026-08-10 07:00:00,87.98,88.211,87.98,88.165,16.74
2026-08-10 07:05:00,88.208,88.21,87.977,88.092,153.62
2026-08-10 07:10:00,88.074,88.156,87.665,88.156,47.87
2026-08-10 07:15:00,88.156,88.21,88.142,88.158,10.46
2026-08-10 07:20:00,88.158,88.21,88.137,88.18,17.94
2026-08-10 07:25:00,88.191,88.21,88.142,88.142,13.19
2026-08-10 07:30:00,88.194,88.21,88.143,88.21,13.59
2026-08-10 07:35:00,88.21,88.21,88.152,88.209,11.53
2026-08-10 07:40:00,88.21,88.21,88.167,88.21,9.83
2026-08-10 07:45:00,88.17,88.21,88.143,88.143,69.5
2026-08-10 07:50:00,88.198,88.21,88.123,88.143,44.65
2026-08-10 07:55:00,88.201,88.21,88.14,88.203,84.23
2026-08-10 08:00:00,88.16,88.21,88.14,88.161,40.34
2026-08-10 08:05:00,88.204,88.21,87.744,87.869,119.97
2026-08-10 08:10:00,87.869,88.158,87.869,88.158,30.15
2026-08-10 08:15:00,88.115,88.207,88.005,88.059,52.14
2026-08-10 08:20:00,88.059,88.06,88.014,88.06,15.46
2026-08-10 08:25:00,88.06,88.06,87.827,87.918,29.89
2026-08-10 08:30:00,87.863,87.864,87.69,87.741,33.9
2026-08-10 08:35:00,87.741,87.742,87.127,87.246,97.34
2026-08-10 08:40:00,87.244,87.246,87.0,87.108,126.25
2026-08-10 08:45:00,87.108,87.11,86.64,86.787,176.31
2026-08-10 08:50:00,86.787,86.788,86.205,86.4,216.06
2026-08-10 08:55:00,86.399,86.4,86.281,86.393,41.29
2026-08-10 09:00:00,86.394,86.4,85.78,85.78,191.99
2026-08-10 09:05:00,85.788,85.988,85.683,85.683,121.22
2026-08-10 09:10:00,85.749,85.75,85.4,85.4,325.42
2026-08-10 09:15:00,85.457,85.988,85.373,85.745,354.66
2026-08-10 09:20:00,85.875,86.133,85.861,85.982,82.36
2026-08-10 09:25:00,85.974,85.975,85.529,85.529,69.72
2026-08-10 09:30:00,85.617,85.617,85.415,85.573,105.62
2026-08-10 09:35:00,85.579,85.988,85.415,85.987,170.59
2026-08-10 09:40:00,85.987,86.02,85.879,85.994,14.94
2026-08-10 09:45:00,85.994,85.995,85.482,85.524,234.09
2026-08-10 09:50:00,85.5,85.617,85.373,85.5,224.42
2026-08-10 09:55:00,85.498,85.675,85.392,85.653,31.85
2026-08-10 10:00:00,85.652,85.988,85.545,85.902,67.61
2026-08-10 10:05:00,85.902,85.949,85.711,85.9,63.89
2026-08-10 10:10:00,85.9,85.954,85.82,85.828,221.3
2026-08-10 10:15:00,85.938,85.988,85.82,85.865,23.53
2026-08-10 10:20:00,85.975,86.227,85.864,86.091,59.91
2026-08-10 10:25:00,86.104,86.123,86.0,86.123,39.0
2026-08-10 10:30:00,86.123,86.152,86.0,86.121,41.03
2026-08-10 10:35:00,86.13,86.48,85.768,86.444,300.68
2026-08-10 10:40:00,86.443,86.443,86.277,86.334,27.28
2026-08-10 10:45:00,86.333,86.334,85.72,86.334,61.11
2026-08-10 10:50:00,86.328,86.425,86.328,86.425,9.47
2026-08-10 10:55:00,86.425,86.479,86.29,86.454,18.15
2026-08-10 11:00:00,86.454,86.48,86.367,86.479,16.14
2026-08-10 11:05:00,86.479,86.48,86.086,86.225,48.84
2026-08-10 11:10:00,86.225,86.281,85.66,85.788,50.63
2026-08-10 11:15:00,85.744,85.767,85.58,85.686,16.72
2026-08-10 11:20:00,85.686,85.83,85.569,85.816,27.04
2026-08-10 11:25:00,85.802,85.827,85.512,85.762,76.76
2026-08-10 11:30:00,85.762,85.835,85.7,85.814,18.53
2026-08-10 11:35:00,85.814,85.866,85.7,85.866,23.39
2026-08-10 11:40:00,85.866,85.894,85.731,85.84,13.58
2026-08-10 11:45:00,85.84,85.84,85.71,85.84,46.55
2026-08-10 11:50:00,85.84,85.84,85.631,85.84,77.29
2026-08-10 11:55:00,85.84,85.84,85.745,85.84,37.04
2026-08-10 12:00:00,85.84,85.84,85.57,85.711,55.43
2026-08-10 12:05:00,85.709,85.71,85.456,85.548,65.9
2026-08-10 12:10:00,85.547,85.549,85.363,85.406,46.91
2026-08-10 12:15:00,85.406,85.406,84.972,85.277,543.69
2026-08-10 12:20:00,85.277,85.406,85.273,85.406,39.31
2026-08-10 12:25:00,85.406,85.557,85.285,85.557,154.84
2026-08-10 12:30:00,85.523,85.558,85.405,85.558,22.02
2026-08-10 12:35:00,85.558,85.558,85.432,85.557,18.02
2026-08-10 12:40:00,85.557,85.589,85.489,85.573,14.24
2026-08-10 12:45:00,85.6,85.632,85.475,85.604,51.13
2026-08-10 12:50:00,85.604,85.76,85.431,85.76,51.87
2026-08-10 12:55:00,85.735,85.806,85.649,85.775,12.07
2026-08-10 13:00:00,85.775,86.505,85.08,85.247,548.32
2026-08-10 13:05:00,85.359,85.381,84.8,84.973,393.69
2026-08-10 13:10:00,85.074,85.823,84.997,85.569,207.89
2026-08-10 13:15:00,85.662,85.663,85.475,85.646,29.54
2026-08-10 13:20:00,85.646,85.647,85.54,85.555,19.63
2026-08-10 13:25:00,85.645,85.646,85.499,85.499,23.14
2026-08-10 13:30:00,85.596,85.62,85.465,85.487,31.24
2026-08-10 13:35:00,85.571,85.597,85.494,85.501,19.44
2026-08-10 13:40:00,85.584,85.62,85.501,85.51,47.13
2026-08-10 13:45:00,85.597,85.62,85.487,85.487,59.78
2026-08-10 13:50:00,85.594,85.619,85.508,85.526,32.19
2026-08-10 13:55:00,85.617,85.618,85.485,85.54,60.15
2026-08-10 14:00:00,85.606,85.616,85.463,85.511,71.51
2026-08-10 14:05:00,85.612,85.613,85.402,85.461,68.04
2026-08-10 14:10:00,85.563,85.563,85.222,85.315,130.65
2026-08-10 14:15:00,85.421,85.441,85.191,85.25,102.85
2026-08-10 14:20:00,85.354,85.354,84.829,84.896,141.39
2026-08-10 14:25:00,84.996,84.997,84.748,84.79,87.94
2026-08-10 14:30:00,84.851,84.919,84.449,84.57,141.76
2026-08-10 14:35:00,84.64,84.692,84.57,84.618,23.84
2026-08-10 14:40:00,84.681,84.719,84.617,84.709,19.34
2026-08-10 14:45:00,84.709,84.755,84.617,84.669,31.39
2026-08-10 14:50:00,84.754,84.863,84.606,84.671,40.28
2026-08-10 14:55:00,84.67,84.672,84.449,84.621,93.38
2026-08-10 15:00:00,84.62,84.704,84.515,84.597,25.79
2026-08-10 15:05:00,84.673,84.825,84.596,84.721,29.82
2026-08-10 15:10:00,84.824,84.844,84.7,84.745,67.44
2026-08-10 15:15:00,84.844,84.845,84.7,84.7,28.91
2026-08-10 15:20:00,84.79,84.798,84.602,84.602,60.43
2026-08-10 15:25:00,84.692,84.773,84.602,84.602,47.2
2026-08-10 15:30:00,84.697,84.739,84.504,84.505,75.99
2026-08-10 15:35:00,84.596,84.606,84.504,84.505,24.53
2026-08-10 15:40:00,84.597,84.597,84.504,84.504,67.29
2026-08-10 15:45:00,84.527,84.527,83.426,83.675,1079.96
2026-08-10 15:50:00,83.687,84.121,83.6,83.996,91.03
2026-08-10 15:55:00,84.097,84.097,83.682,83.757,54.19
2026-08-10 16:00:00,83.855,84.274,83.768,84.191,75.73
2026-08-10 16:05:00,84.273,84.298,84.191,84.266,38.02
2026-08-10 16:10:00,84.297,84.298,83.53,83.538,105.15
2026-08-10 16:15:00,83.637,83.955,83.544,83.804,109.51
2026-08-10 16:20:00,83.818,84.0,83.804,83.879,33.26
2026-08-10 16:25:00,83.986,83.987,83.879,83.879,31.38
2026-08-10 16:30:00,83.972,84.101,83.879,83.881,79.99
2026-08-10 16:35:00,83.969,83.97,83.879,83.922,38.58
2026-08-10 16:40:00,83.964,83.965,83.619,83.619,157.4
2026-08-10 16:45:00,83.621,83.679,83.3,83.321,151.61
2026-08-10 16:50:00,83.423,83.637,83.301,83.503,116.74
2026-08-10 16:55:00,83.618,83.719,83.5,83.5,35.19
2026-08-10 17:00:00,83.599,84.068,83.5,83.549,113.38
2026-08-10 17:05:00,83.649,83.65,83.3,83.301,66.28
2026-08-10 17:10:00,83.386,83.386,83.0,83.0,159.75
2026-08-10 17:15:00,83.132,83.245,83.0,83.068,53.84
2026-08-10 17:20:00,83.178,83.179,82.952,83.061,61.74
2026-08-10 17:25:00,83.059,83.181,82.921,82.958,57.4
2026-08-10 17:30:00,83.061,83.107,82.918,82.969,42.94
2026-08-10 17:35:00,83.074,83.467,83.067,83.334,135.13
2026-08-10 17:40:00,83.425,83.766,83.262,83.642,111.39
2026-08-10 17:45:00,83.643,84.4,83.611,84.4,152.55
2026-08-10 17:50:00,84.354,84.4,84.199,84.258,61.6
2026-08-10 17:55:00,84.361,84.483,84.011,84.08,120.48
2026-08-10 18:00:00,84.177,84.4,84.033,84.304,123.1
2026-08-10 18:05:00,84.304,84.4,84.182,84.252,113.34
2026-08-10 18:10:00,84.359,84.383,84.151,84.164,50.06
2026-08-10 18:15:00,84.268,84.323,84.118,84.29,36.51
2026-08-10 18:20:00,84.29,84.354,84.175,84.322,47.3
2026-08-10 18:25:00,84.351,84.351,84.144,84.256,35.97
2026-08-10 18:30:00,84.181,84.239,84.07,84.173,22.62
2026-08-10 18:35:00,84.173,84.174,84.033,84.173,17.49
2026-08-10 18:40:00,84.173,84.174,83.963,84.049,31.34
2026-08-10 18:45:00,84.055,84.086,83.488,83.552,108.99
2026-08-10 18:50:00,83.489,83.605,83.48,83.605,21.14
2026-08-10 18:55:00,83.517,83.648,83.1,83.382,261.08
2026-08-10 19:00:00,83.269,83.337,83.223,83.295,23.8
2026-08-10 19:05:00,83.246,83.447,83.246,83.375,69.58
2026-08-10 19:10:00,83.329,83.382,83.28,83.373,34.93
2026-08-10 19:15:00,83.284,83.492,83.283,83.451,46.64
2026-08-10 19:20:00,83.389,83.47,83.283,83.407,39.96
2026-08-10 19:25:00,83.408,83.495,83.28,83.454,108.35
2026-08-10 19:30:00,83.455,83.642,83.347,83.641,47.3
2026-08-10 19:35:00,83.642,83.725,83.528,83.648,18.39
2026-08-10 19:40:00,83.712,83.712,83.508,83.685,43.86
2026-08-10 19:45:00,83.691,83.706,83.536,83.661,21.05
2026-08-10 19:50:00,83.661,83.661,83.466,83.601,26.6
2026-08-10 19:55:00,83.601,83.601,83.173,83.332,77.37
2026-08-10 20:00:00,83.332,83.438,83.241,83.377,29.64
2026-08-10 20:05:00,83.378,83.394,83.261,83.367,13.87
2026-08-10 20:10:00,83.366,83.395,83.261,83.289,15.37
2026-08-10 20:15:00,83.378,83.394,83.25,83.262,9.62
2026-08-10 20:20:00,83.378,83.378,83.264,83.264,15.09
2026-08-10 20:25:00,83.327,83.328,83.264,83.296,8.91
2026-08-10 20:30:00,83.327,83.376,83.235,83.235,23.81
2026-08-10 20:35:00,83.167,83.248,83.1,83.101,64.22
2026-08-10 20:40:00,83.201,83.273,83.1,83.101,115.97
2026-08-10 20:45:00,83.192,83.193,82.755,82.913,157.49
2026-08-10 20:50:00,82.913,82.935,81.25,81.963,765.5
2026-08-10 20:55:00,81.962,82.067,81.379,81.683,361.91
2026-08-10 21:00:00,81.778,81.827,81.24,81.24,387.67
2026-08-10 21:05:00,81.342,81.342,81.1,81.121,114.88
2026-08-10 21:10:00,81.225,81.277,80.7,80.786,554.83
2026-08-10 21:15:00,80.82,81.89,80.64,81.785,582.35
2026-08-10 21:20:00,81.799,81.984,81.712,81.885,314.27
2026-08-10 21:25:00,81.976,83.3,81.976,83.3,747.68
2026-08-10 21:30:00,83.3,83.819,83.3,83.556,138.45
2026-08-10 21:35:00,83.749,83.749,82.8,82.953,269.27
2026-08-10 21:40:00,83.067,83.068,82.713,82.713,59.12
2026-08-10 21:45:00,82.804,82.962,82.713,82.891,99.28
2026-08-10 21:50:00,82.962,82.962,82.75,82.75,61.36
2026-08-10 21:55:00,82.856,82.856,82.447,82.447,51.02
2026-08-10 22:00:00,82.631,82.714,82.447,82.714,49.14
2026-08-10 22:05:00,82.74,82.886,82.531,82.751,135.46
2026-08-10 22:10:00,82.858,82.871,82.633,82.7,73.25
2026-08-10 22:15:00,82.855,82.884,82.7,82.7,19.59
2026-08-10 22:20:00,82.883,82.91,82.7,82.91,25.98
2026-08-10 22:25:00,82.91,82.91,82.8,82.91,247.99
2026-08-10 22:30:00,82.908,84.236,82.8,83.252,455.18
2026-08-10 22:35:00,83.128,84.12,82.8,83.321,624.67
2026-08-10 22:40:00,83.546,84.36,83.321,84.176,451.22
2026-08-10 22:45:00,84.318,84.392,84.035,84.041,70.31
2026-08-10 22:50:00,84.068,84.305,84.035,84.211,109.43
2026-08-10 22:55:00,84.3,84.48,84.123,84.439,203.08
2026-08-10 23:00:00,84.439,84.498,84.322,84.371,34.43
2026-08-10 23:05:00,84.399,84.527,84.3,84.3,192.66
2026-08-10 23:10:00,84.458,84.527,84.302,84.32,164.46
2026-08-10 23:15:00,84.402,84.51,84.3,84.32,218.86
2026-08-10 23:20:00,84.508,84.527,84.274,84.313,582.31
2026-08-10 23:25:00,84.33,84.346,83.075,83.075,230.63
2026-08-10 23:30:00,83.181,83.184,83.07,83.071,23.92
2026-08-10 23:35:00,83.142,83.142,82.801,82.984,66.29
2026-08-10 23:40:00,82.801,82.999,82.8,82.8,56.27
2026-08-10 23:45:00,82.883,82.997,82.733,82.864,84.69
2026-08-10 23:50:00,83.003,83.73,82.861,83.543,226.97
2026-08-10 23:55:00,83.38,83.552,83.334,83.334,43.16
2026-08-11 00:00:00,83.42,83.487,83.248,83.31,41.19
2026-08-11 00:05:00,83.352,83.353,83.199,83.199,40.38
2026-08-11 00:10:00,83.35,83.35,83.213,83.29,19.43
2026-08-11 00:15:00,83.319,83.552,82.38,82.587,602.13
2026-08-11 00:20:00,82.44,82.56,81.958,82.062,157.49
2026-08-11 00:25:00,82.076,82.083,81.908,81.915,36.9
2026-08-11 00:30:00,81.913,82.064,81.913,82.064,185.99
2026-08-11 00:35:00,82.063,82.135,81.943,81.943,54.22
2026-08-11 00:40:00,82.02,82.083,81.8,82.05,119.02
2026-08-11 00:45:00,82.063,82.195,81.814,82.012,72.15
2026-08-11 00:50:00,82.055,82.38,81.987,81.995,83.48
2026-08-11 00:55:00,82.185,82.2,81.82,81.896,128.28
2026-08-11 01:00:00,81.895,82.022,81.803,81.909,52.56
2026-08-11 01:05:00,81.993,82.001,81.8,81.961,43.69
2026-08-11 01:10:00,82.001,82.118,81.048,81.285,431.83
2026-08-11 01:15:00,81.224,81.4,81.139,81.175,54.04
2026-08-11 01:20:00,81.348,82.043,81.167,81.784,180.01
2026-08-11 01:25:00,81.898,82.9,81.784,82.844,178.3
2026-08-11 01:30:00,82.844,82.9,82.157,82.166,126.47
2026-08-11 01:35:00,82.379,82.392,82.166,82.222,15.54
2026-08-11 01:40:00,82.383,82.897,82.223,82.473,128.55
2026-08-11 01:45:00,82.622,83.53,82.472,83.421,235.9
2026-08-11 01:50:00,83.504,83.547,82.581,82.581,232.9
2026-08-11 01:55:00,82.706,82.984,82.582,82.683,103.86
2026-08-11 02:00:00,82.78,83.48,82.708,82.76,139.97
2026-08-11 02:05:00,82.957,83.09,82.8,82.8,56.61
2026-08-11 02:10:00,82.981,82.993,82.543,82.736,74.04
2026-08-11 02:15:00,82.71,82.712,81.322,81.503,314.41
2026-08-11 02:20:00,81.422,81.742,81.321,81.388,169.04
2026-08-11 02:25:00,81.416,81.548,81.275,81.328,124.53
2026-08-11 02:30:00,81.495,82.789,81.28,82.599,377.01
2026-08-11 02:35:00,82.759,83.08,82.624,82.86,143.39
2026-08-11 02:40:00,82.865,83.858,82.815,83.675,154.61
2026-08-11 02:45:00,83.689,83.932,83.649,83.763,137.73
2026-08-11 02:50:00,83.886,83.999,83.201,83.237,169.77
2026-08-11 02:55:00,83.3,83.963,83.236,83.661,128.46
2026-08-11 03:00:00,83.869,84.0,83.454,83.454,86.65
2026-08-11 03:05:00,83.597,83.792,83.357,83.792,123.5
2026-08-11 03:10:00,83.974,84.0,83.743,83.747,45.77
2026-08-11 03:15:00,83.866,84.0,83.741,83.857,64.41
2026-08-11 03:20:00,83.891,83.891,83.605,83.742,152.93
2026-08-11 03:25:00,83.73,83.742,82.973,82.98,211.68
2026-08-11 03:30:00,83.1,83.182,82.878,82.991,89.28
2026-08-11 03:35:00,83.175,83.251,82.775,82.869,98.32
2026-08-11 03:40:00,83.095,83.101,82.671,82.671,11.21
2026-08-11 03:45:00,82.783,82.783,82.338,82.342,35.26
2026-08-11 03:50:00,82.455,82.744,82.341,82.637,59.78
2026-08-11 03:55:00,82.662,83.806,82.635,83.684,231.61
2026-08-11 04:00:00,83.786,83.874,83.701,83.745,37.97
2026-08-11 04:05:00,83.818,83.818,83.744,83.744,10.15
2026-08-11 04:10:00,83.816,83.819,83.574,83.577,10.44
2026-08-11 04:15:00,83.76,83.76,82.58,82.644,47.95
2026-08-11 04:20:00,82.688,82.865,82.604,82.649,19.67
2026-08-11 04:25:00,82.809,83.55,82.616,83.386,187.97
2026-08-11 04:30:00,83.55,83.821,83.464,83.639,74.05
2026-08-11 04:35:00,83.82,83.82,83.591,83.73,86.19
2026-08-11 04:40:00,83.775,83.821,83.582,83.755,52.74
2026-08-11 04:45:00,83.821,83.821,83.58,83.783,78.52
2026-08-11 04:50:00,83.821,84.472,83.595,84.292,321.3
2026-08-11 04:55:00,84.472,84.48,83.202,83.263,391.87
2026-08-11 05:00:00,83.342,83.466,83.173,83.243,171.47
2026-08-11 05:05:00,83.243,83.318,83.148,83.149,162.16
2026-08-11 05:10:00,83.268,83.322,83.148,83.288,105.68
2026-08-11 05:15:00,83.366,83.415,83.148,83.241,114.59
2026-08-11 05:20:00,83.294,83.91,83.241,83.734,165.16
2026-08-11 05:25:00,83.923,84.332,83.816,84.129,184.93
2026-08-11 05:30:00,84.227,84.303,84.067,84.075,126.33
2026-08-11 05:35:00,84.196,84.224,83.845,84.168,56.63
2026-08-11 05:40:00,84.22,84.332,83.998,83.999,257.33
2026-08-11 05:45:00,83.998,84.005,83.853,83.86,89.44
2026-08-11 05:50:00,83.863,83.935,83.86,83.935,25.64
2026-08-11 05:55:00,83.909,83.998,83.909,83.955,75.4
2026-08-11 06:00:00,83.96,84.147,83.922,83.958,136.23
2026-08-11 06:05:00,83.971,84.492,83.962,84.45,106.52
2026-08-11 06:10:00,84.466,84.527,84.35,84.527,270.81
2026-08-11 06:15:00,84.526,84.527,84.382,84.382,166.33
2026-08-11 06:20:00,84.524,84.527,84.351,84.517,65.19
2026-08-11 06:25:00,84.526,84.527,84.515,84.527,67.14
2026-08-11 06:30:00,84.527,84.527,84.478,84.519,162.22
2026-08-11 06:35:00,84.527,84.527,84.477,84.527,102.17
2026-08-11 06:40:00,84.527,84.527,84.45,84.527,78.94
2026-08-11 06:45:00,84.485,84.527,84.485,84.519,51.59
2026-08-11 06:50:00,84.519,84.527,84.397,84.527,62.13
2026-08-11 06:55:00,84.52,84.527,84.396,84.527,97.29
2026-08-11 07:00:00,84.526,84.593,84.303,84.548,154.84
2026-08-11 07:05:00,84.6,84.88,84.517,84.518,105.62
2026-08-11 07:10:00,84.722,84.944,84.421,84.917,134.34
2026-08-11 07:15:00,84.916,84.923,84.5,84.538,146.6
2026-08-11 07:20:00,84.721,84.769,84.45,84.705,69.88
2026-08-11 07:25:00,84.769,84.769,84.423,84.492,35.53
2026-08-11 07:30:00,84.492,84.786,84.118,84.542,54.68
2026-08-11 07:35:00,84.542,84.552,83.595,83.626,73.96
2026-08-11 07:40:00,83.771,83.791,83.392,83.399,42.05
2026-08-11 07:45:00,83.399,83.587,83.26,83.301,51.59
2026-08-11 07:50:00,83.424,83.48,83.3,83.3,30.63
2026-08-11 07:55:00,83.398,83.448,83.202,83.357,42.72
2026-08-11 08:00:00,83.356,83.437,83.123,83.3,77.21
2026-08-11 08:05:00,83.299,83.3,82.784,82.841,67.77
2026-08-11 08:10:00,82.841,83.437,82.841,83.246,43.22
2026-08-11 08:15:00,83.436,83.436,82.934,82.953,53.95
2026-08-11 08:20:00,83.048,83.191,82.953,82.967,30.17
2026-08-11 08:25:00,83.081,83.172,82.953,82.953,27.1
2026-08-11 08:30:00,83.063,83.063,82.851,82.885,24.81
2026-08-11 08:35:00,83.033,83.034,82.832,82.961,17.08
2026-08-11 08:40:00,82.866,82.958,82.724,82.724,24.07
2026-08-11 08:45:00,82.874,83.074,82.724,82.98,83.75
2026-08-11 08:50:00,82.979,82.98,82.579,82.585,119.38
2026-08-11 08:55:00,82.68,82.792,82.579,82.71,78.91
2026-08-11 09:00:00,82.71,82.81,82.579,82.598,54.66
2026-08-11 09:05:00,82.711,82.714,82.579,82.579,53.67
2026-08-11 09:10:00,82.688,82.688,82.579,82.677,30.72
2026-08-11 09:15:00,82.676,82.807,82.579,82.629,47.55
2026-08-11 09:20:00,82.63,82.768,82.579,82.671,26.57
2026-08-11 09:25:00,82.681,82.744,82.579,82.656,34.76
2026-08-11 09:30:00,82.647,82.709,82.579,82.696,28.0
2026-08-11 09:35:00,82.708,82.769,82.615,82.632,52.84
2026-08-11 09:40:00,82.678,82.678,82.579,82.626,18.31
2026-08-11 09:45:00,82.637,82.707,82.579,82.689,25.37
2026-08-11 09:50:00,82.696,83.355,82.62,83.266,97.24
2026-08-11 09:55:00,83.27,84.0,83.237,83.905,284.06
2026-08-11 10:00:00,83.96,84.355,83.903,84.049,173.58
2026-08-11 10:05:00,84.051,84.406,83.575,83.789,147.67
2026-08-11 10:10:00,83.95,84.396,83.572,83.957,258.34
2026-08-11 10:15:00,84.077,84.261,83.892,84.177,65.85
2026-08-11 10:20:00,84.191,84.325,84.109,84.11,55.73
2026-08-11 10:25:00,84.174,84.436,84.109,84.3,98.99
2026-08-11 10:30:00,84.41,84.41,84.109,84.236,40.61
2026-08-11 10:35:00,84.236,84.336,84.11,84.11,53.28
2026-08-11 10:40:00,84.11,84.363,84.11,84.127,56.45
2026-08-11 10:45:00,84.325,84.334,84.11,84.25,49.14
2026-08-11 10:50:00,84.11,84.266,84.109,84.109,37.14
2026-08-11 10:55:00,84.265,84.415,84.109,84.123,50.3
2026-08-11 11:00:00,84.355,84.363,84.11,84.213,42.33
2026-08-11 11:05:00,84.212,84.234,84.11,84.204,30.41
2026-08-11 11:10:00,84.203,84.375,84.11,84.112,55.39
2026-08-11 11:15:00,84.281,84.283,84.11,84.11,34.24
2026-08-11 11:20:00,84.221,84.325,84.11,84.296,42.28
2026-08-11 11:25:00,84.296,84.384,84.11,84.384,47.39
2026-08-11 11:30:00,84.38,84.38,84.11,84.11,42.1
2026-08-11 11:35:00,84.273,84.5,84.226,84.417,117.82
2026-08-11 11:40:00,84.431,84.434,84.251,84.251,55.97
2026-08-11 11:45:00,84.338,84.34,84.251,84.251,36.01
2026-08-11 11:50:00,84.339,84.34,84.251,84.339,50.54
2026-08-11 11:55:00,84.338,84.34,84.25,84.25,83.94
2026-08-11 12:00:00,84.339,84.34,84.25,84.34,51.99
2026-08-11 12:05:00,84.34,84.459,84.25,84.401,66.09
2026-08-11 12:10:00,84.343,84.429,84.137,84.318,88.18
2026-08-11 12:15:00,84.317,84.368,84.109,84.109,78.06
2026-08-11 12:20:00,84.245,84.457,84.109,84.254,95.83
2026-08-11 12:25:00,84.254,84.323,84.123,84.123,35.01
2026-08-11 12:30:00,84.268,84.268,84.109,84.109,44.24
2026-08-11 12:35:00,84.209,84.25,84.109,84.212,35.96
2026-08-11 12:40:00,84.212,84.278,83.975,84.04,225.2
2026-08-11 12:45:00,84.158,84.567,83.969,84.286,158.26
2026-08-11 12:50:00,84.473,84.474,83.997,84.135,48.86
2026-08-11 12:55:00,84.144,84.191,83.895,84.1,58.34
2026-08-11 13:00:00,84.1,84.222,84.04,84.04,40.92
2026-08-11 13:05:00,84.176,84.284,84.04,84.05,52.6
2026-08-11 13:10:00,84.163,84.163,84.04,84.16,44.71
2026-08-11 13:15:00,84.16,84.208,84.04,84.205,38.43
2026-08-11 13:20:00,84.203,84.464,84.072,84.102,87.08
2026-08-11 13:25:00,84.228,84.228,84.1,84.2,37.54
2026-08-11 13:30:00,84.199,84.2,84.05,84.051,20.98
2026-08-11 13:35:00,84.051,84.192,84.04,84.04,81.92
2026-08-11 13:40:00,84.05,84.201,84.05,84.154,17.29
2026-08-11 13:45:00,84.054,84.154,84.05,84.151,22.23
2026-08-11 13:50:00,84.165,84.165,84.05,84.05,37.69
2026-08-11 13:55:00,84.118,84.119,84.05,84.115,28.25
2026-08-11 14:00:00,84.115,84.115,84.04,84.075,29.6
2026-08-11 14:05:00,84.107,84.108,84.041,84.041,22.12
2026-08-11 14:10:00,84.107,84.108,84.041,84.108,26.35
2026-08-11 14:15:00,84.108,84.114,84.041,84.041,20.55
2026-08-11 14:20:00,84.112,84.112,84.04,84.04,49.74
2026-08-11 14:25:00,84.04,84.12,84.04,84.115,19.6
2026-08-11 14:30:00,84.115,84.142,84.041,84.041,50.66
2026-08-11 14:35:00,84.041,84.7,84.041,84.261,214.56
2026-08-11 14:40:00,84.375,84.53,84.261,84.53,45.93
2026-08-11 14:45:00,84.401,84.59,84.371,84.537,37.02
2026-08-11 14:50:00,84.536,84.82,84.436,84.619,126.4
2026-08-11 14:55:00,84.539,84.944,84.5,84.935,243.48
2026-08-11 15:00:00,84.837,85.473,84.822,85.472,437.06
2026-08-11 15:05:00,85.302,85.535,85.091,85.171,265.95
2026-08-11 15:10:00,85.159,86.0,85.159,85.71,444.11
2026-08-11 15:15:00,85.71,86.58,85.623,86.262,284.07
2026-08-11 15:20:00,86.306,86.742,85.875,85.964,264.89
2026-08-11 15:25:00,85.993,86.162,85.326,85.44,143.6
2026-08-11 15:30:00,85.601,85.923,85.406,85.588,73.17
2026-08-11 15:35:00,85.405,85.902,85.375,85.709,56.1
2026-08-11 15:40:00,85.709,85.896,85.666,85.666,33.29
2026-08-11 15:45:00,85.772,86.208,85.772,85.907,123.63
2026-08-11 15:50:00,85.788,85.907,85.57,85.723,27.54
2026-08-11 15:55:00,85.605,85.838,85.442,85.795,69.94
2026-08-11 16:00:00,85.795,86.0,85.738,85.905,152.83
2026-08-11 16:05:00,85.881,85.962,85.656,85.906,250.26
2026-08-11 16:10:00,85.906,86.046,85.906,86.026,31.95
2026-08-11 16:15:00,86.05,86.115,85.904,86.017,46.66
2026-08-11 16:20:00,85.996,86.141,85.996,86.038,54.42
2026-08-11 16:25:00,86.038,86.149,86.014,86.126,87.6
2026-08-11 16:30:00,86.15,86.2,86.014,86.174,56.45
2026-08-11 16:35:00,86.155,86.2,86.014,86.116,96.96
2026-08-11 16:40:00,86.014,86.055,85.67,85.792,73.15
2026-08-11 16:45:00,85.822,85.822,85.545,85.578,39.21
2026-08-11 16:50:00,85.597,85.797,85.597,85.797,40.95
2026-08-11 16:55:00,85.73,85.885,85.73,85.863,39.97
2026-08-11 17:00:00,85.868,85.883,85.82,85.854,21.11
2026-08-11 17:05:00,85.854,86.027,85.728,86.027,83.01
2026-08-11 17:10:00,85.995,86.007,85.788,85.933,21.15
2026-08-11 17:15:00,85.94,85.955,85.675,85.864,309.53
2026-08-11 17:20:00,85.903,86.055,85.818,85.984,62.89
2026-08-11 17:25:00,85.776,85.974,85.607,85.665,68.21
2026-08-11 17:30:00,85.614,85.776,85.483,85.483,55.84
2026-08-11 17:35:00,85.483,85.617,85.407,85.599,57.58
2026-08-11 17:40:00,85.563,85.57,85.292,85.354,30.96
2026-08-11 17:45:00,85.366,85.475,85.217,85.374,45.03
2026-08-11 17:50:00,85.33,85.448,85.15,85.307,63.03
2026-08-11 17:55:00,85.169,85.672,85.148,85.64,93.8
2026-08-11 18:00:00,85.489,85.669,85.479,85.544,32.59
2026-08-11 18:05:00,85.542,85.663,85.427,85.545,40.43
2026-08-11 18:10:00,85.428,85.551,85.331,85.423,43.29
2026-08-11 18:15:00,85.489,85.769,85.487,85.665,70.47
2026-08-11 18:20:00,85.665,85.96,85.665,85.96,75.69
2026-08-11 18:25:00,85.851,86.149,85.851,86.149,94.38
2026-08-11 18:30:00,86.128,86.199,85.899,86.002,172.88
2026-08-11 18:35:00,85.89,86.088,85.859,86.088,43.88
2026-08-11 18:40:00,86.031,86.16,86.031,86.14,39.87
2026-08-11 18:45:00,86.11,86.16,86.0,86.024,61.0
2026-08-11 18:50:00,86.008,86.144,86.002,86.029,7.59
2026-08-11 18:55:00,86.03,86.179,86.03,86.156,48.52
2026-08-11 19:00:00,86.147,86.18,86.025,86.038,128.86
2026-08-11 19:05:00,86.04,86.172,86.0,86.0,56.33
2026-08-11 19:10:00,86.022,86.022,85.395,85.46,290.91
2026-08-11 19:15:00,85.429,85.438,85.061,85.078,134.68
2026-08-11 19:20:00,85.078,85.156,84.935,84.935,246.78
2026-08-11 19:25:00,84.935,85.172,84.853,85.048,91.34
2026-08-11 19:30:00,84.973,85.369,84.973,85.257,64.27
2026-08-11 19:35:00,85.261,85.439,85.261,85.293,36.38
2026-08-11 19:40:00,85.292,85.359,85.288,85.359,29.25
2026-08-11 19:45:00,85.359,85.427,85.105,85.105,62.74
2026-08-11 19:50:00,85.096,85.355,85.096,85.214,23.4
2026-08-11 19:55:00,85.216,85.355,85.056,85.195,163.43
2026-08-11 20:00:00,85.196,85.196,85.06,85.066,74.36
2026-08-11 20:05:00,85.19,85.196,85.124,85.186,22.89
2026-08-11 20:10:00,85.185,85.196,85.076,85.185,58.16
2026-08-11 20:15:00,85.146,85.194,85.056,85.149,38.04
2026-08-11 20:20:00,85.165,85.194,85.096,85.168,41.02
2026-08-11 20:25:00,85.169,85.2,85.159,85.2,37.78
2026-08-11 20:30:00,85.19,85.2,85.189,85.199,54.3
2026-08-11 20:35:00,85.19,85.199,85.188,85.192,37.22
2026-08-11 20:40:00,85.192,85.199,85.188,85.188,15.54
2026-08-11 20:45:00,85.19,85.2,85.186,85.2,50.38
2026-08-11 20:50:00,85.19,85.271,85.16,85.238,84.87
2026-08-11 20:55:00,85.239,85.269,85.159,85.238,80.06
2026-08-11 21:00:00,85.163,85.256,85.163,85.238,48.87
2026-08-11 21:05:00,85.194,85.209,85.16,85.195,41.88
2026-08-11 21:10:00,85.197,85.273,85.159,85.273,50.78
2026-08-11 21:15:00,85.262,85.355,85.262,85.355,40.23
2026-08-11 21:20:00,85.355,85.596,85.337,85.596,158.44
2026-08-11 21:25:00,85.49,85.768,85.49,85.751,40.31
2026-08-11 21:30:00,85.731,86.065,85.731,86.02,323.18
2026-08-11 21:35:00,86.02,86.09,86.02,86.075,105.79
2026-08-11 21:40:00,86.063,86.153,86.062,86.109,44.79
2026-08-11 21:45:00,86.111,86.178,86.096,86.178,55.45
2026-08-11 21:50:00,86.123,86.351,86.02,86.283,609.61
2026-08-11 21:55:00,86.283,86.366,86.241,86.348,315.56
2026-08-11 22:00:00,86.347,86.378,86.187,86.378,174.79
2026-08-11 22:05:00,86.301,86.445,86.268,86.396,73.26
2026-08-11 22:10:00,86.305,86.442,86.052,86.052,47.34
2026-08-11 22:15:00,86.105,86.14,86.05,86.1,91.43
2026-08-11 22:20:00,86.051,86.1,85.629,85.792,82.14
2026-08-11 22:25:00,85.691,85.789,85.632,85.709,17.41
2026-08-11 22:30:00,85.726,86.45,85.72,86.255,189.29
2026-08-11 22:35:00,86.15,86.426,86.139,86.372,22.57
2026-08-11 22:40:00,86.372,86.385,85.921,86.014,132.86
2026-08-11 22:45:00,86.015,86.507,86.0,86.495,201.16
2026-08-11 22:50:00,86.371,86.609,86.341,86.609,66.27
2026-08-11 22:55:00,86.528,86.903,86.528,86.884,217.63
2026-08-11 23:00:00,86.766,87.0,86.727,87.0,93.2
2026-08-11 23:05:00,86.951,87.0,86.835,86.987,74.52
2026-08-11 23:10:00,86.988,87.204,86.951,87.051,185.07
2026-08-11 23:15:00,87.05,87.236,87.021,87.167,51.39
2026-08-11 23:20:00,87.167,87.289,87.034,87.289,58.11
2026-08-11 23:25:00,87.184,87.289,87.027,87.24,154.37
2026-08-11 23:30:00,87.179,87.659,87.179,87.439,212.89
2026-08-11 23:35:00,87.43,87.75,87.283,87.455,299.96
2026-08-11 23:40:00,87.337,87.435,86.941,87.373,214.01
2026-08-11 23:45:00,87.373,87.517,87.322,87.452,146.11
2026-08-11 23:50:00,87.453,87.506,87.164,87.423,224.82
2026-08-11 23:55:00,87.424,87.76,87.138,87.322,376.53
2026-08-12 00:00:00,87.31,87.534,87.31,87.446,94.5
2026-08-12 00:05:00,87.44,87.574,87.228,87.478,202.63
2026-08-12 00:10:00,87.479,87.636,87.479,87.581,117.95
2026-08-12 00:15:00,87.527,87.709,87.526,87.616,69.3
2026-08-12 00:20:00,87.601,87.724,87.565,87.723,48.34
2026-08-12 00:25:00,87.714,87.724,87.0,87.086,241.01
2026-08-12 00:30:00,87.115,87.61,87.075,87.61,62.5
2026-08-12 00:35:00,87.544,87.66,87.475,87.57,112.09
2026-08-12 00:40:00,87.57,87.67,87.289,87.289,108.31
2026-08-12 00:45:00,87.289,87.398,87.0,87.134,52.63
2026-08-12 00:50:00,87.034,87.42,87.0,87.404,55.57
2026-08-12 00:55:00,87.225,87.347,86.956,86.956,81.65
2026-08-12 01:00:00,86.962,86.968,86.727,86.934,79.81
2026-08-12 01:05:00,86.825,86.935,86.814,86.926,6.54
2026-08-12 01:10:00,86.814,86.925,86.739,86.832,18.57
2026-08-12 01:15:00,86.832,87.199,86.727,86.76,149.9
2026-08-12 01:20:00,86.76,86.895,86.605,86.856,65.43
2026-08-12 01:25:00,86.832,86.943,86.832,86.832,18.6
2026-08-12 01:30:00,86.833,86.974,86.832,86.878,16.22
2026-08-12 01:35:00,86.881,87.194,86.88,87.069,43.91
2026-08-12 01:40:00,86.925,87.19,86.868,86.952,38.54
2026-08-12 01:45:00,86.869,87.028,86.869,87.021,13.69
2026-08-12 01:50:00,86.902,87.608,86.902,87.439,586.93
2026-08-12 01:55:00,87.573,87.7,86.776,86.902,44.28
2026-08-12 02:00:00,86.856,87.188,86.809,87.18,26.41
2026-08-12 02:05:00,87.115,87.455,86.968,87.257,69.82
2026-08-12 02:10:00,87.118,87.234,87.014,87.173,19.91
2026-08-12 02:15:00,87.172,87.415,86.455,87.096,258.02
2026-08-12 02:20:00,87.206,87.406,87.146,87.248,74.75
2026-08-12 02:25:00,87.248,87.453,86.574,87.453,91.93
2026-08-12 02:30:00,87.374,87.478,87.11,87.11,21.48
2026-08-12 02:35:00,87.057,87.135,86.588,86.77,64.27
2026-08-12 02:40:00,86.68,86.793,86.584,86.584,27.8
2026-08-12 02:45:00,86.585,86.727,86.462,86.55,39.99
2026-08-12 02:50:00,86.498,86.609,86.458,86.598,10.84
2026-08-12 02:55:00,86.562,86.695,86.365,86.693,54.26
2026-08-12 03:00:00,86.582,87.144,86.547,86.673,91.22
2026-08-12 03:05:00,86.669,86.874,86.466,86.825,76.58
2026-08-12 03:10:00,86.826,87.36,86.825,87.36,70.3
2026-08-12 03:15:00,87.36,87.401,86.482,86.482,115.31
2026-08-12 03:20:00,86.578,86.957,86.453,86.836,26.73
2026-08-12 03:25:00,86.857,87.002,86.798,86.966,14.68
2026-08-12 03:30:00,86.846,86.945,86.211,86.245,48.3
2026-08-12 03:35:00,86.251,86.604,86.211,86.422,25.51
2026-08-12 03:40:00,86.307,87.094,86.211,86.932,72.84
2026-08-12 03:45:00,86.933,87.24,86.211,87.061,165.42
2026-08-12 03:50:00,87.079,87.55,86.284,86.3,415.39
2026-08-12 03:55:00,86.3,87.749,86.3,86.651,548.92
2026-08-12 04:00:00,86.651,87.036,86.55,86.614,432.27
2026-08-12 04:05:00,86.62,87.627,86.372,87.53,403.83
2026-08-12 04:10:00,87.567,87.621,87.125,87.326,302.84
2026-08-12 04:15:00,87.328,87.5,87.049,87.494,102.19
2026-08-12 04:20:00,87.493,87.72,87.344,87.568,122.5
2026-08-12 04:25:00,87.595,87.9,87.541,87.803,124.38
2026-08-12 04:30:00,87.704,87.9,87.693,87.8,94.54
2026-08-12 04:35:00,87.71,87.94,87.67,87.744,101.75
2026-08-12 04:40:00,87.744,87.9,87.334,87.665,309.03
2026-08-12 04:45:00,87.69,87.88,86.663,86.93,420.8
2026-08-12 04:50:00,86.931,87.579,86.815,87.16,365.18
2026-08-12 04:55:00,87.16,87.292,87.159,87.277,35.63
2026-08-12 05:00:00,87.16,87.815,87.159,87.815,105.82
2026-08-12 05:05:00,87.726,88.0,87.726,87.977,588.52
2026-08-12 05:10:00,87.886,87.992,87.529,87.669,160.47
2026-08-12 05:15:00,87.534,87.848,86.64,87.759,385.85
2026-08-12 05:20:00,87.641,87.759,87.094,87.201,17.87
2026-08-12 05:25:00,87.201,87.86,87.0,87.86,117.64
2026-08-12 05:30:00,87.801,87.872,87.699,87.864,23.17
2026-08-12 05:35:00,87.865,87.865,87.013,87.203,44.82
2026-08-12 05:40:00,87.224,88.0,87.119,87.854,447.97
2026-08-12 05:45:00,87.853,87.958,87.678,87.946,38.02
2026-08-12 05:50:00,87.946,87.946,87.69,87.724,122.79
2026-08-12 05:55:00,87.725,87.915,87.69,87.872,254.54
2026-08-12 06:00:00,87.904,88.0,87.701,87.701,44.31
2026-08-12 06:05:00,87.831,87.837,87.703,87.825,5.98
2026-08-12 06:10:00,87.702,87.843,87.69,87.842,16.22
2026-08-12 06:15:00,87.843,88.0,87.69,87.814,104.01
2026-08-12 06:20:00,87.813,87.877,87.598,87.598,192.65
2026-08-12 06:25:00,87.712,87.712,86.94,87.201,295.04
2026-08-12 06:30:00,87.081,87.296,86.96,87.285,255.97
2026-08-12 06:35:00,87.285,87.36,87.22,87.359,7.29
2026-08-12 06:40:00,87.358,87.358,87.08,87.08,24.45
2026-08-12 06:45:00,87.208,87.208,87.204,87.204,1.12
2026-08-12 06:50:00,87.205,87.205,86.79,86.975,1704.59
2026-08-12 06:55:00,86.975,87.023,86.966,87.01,4.43
2026-08-12 07:00:00,87.0,87.088,87.0,87.005,7.68
2026-08-12 07:05:00,87.088,87.088,87.087,87.087,1.44
2026-08-12 07:10:00,87.088,87.106,87.087,87.106,0.98
2026-08-12 07:15:00,87.106,87.727,87.021,87.712,59.05
2026-08-12 07:20:00,87.648,87.939,87.616,87.852,45.02
2026-08-12 07:25:00,87.852,88.0,87.725,87.848,79.98
2026-08-12 07:30:00,87.822,87.913,87.585,87.637,99.86
2026-08-12 07:35:00,87.735,87.736,87.63,87.735,13.26
2026-08-12 07:40:00,87.735,87.735,87.674,87.674,1.25
2026-08-12 07:45:00,87.675,87.675,87.674,87.674,1.48
2026-08-12 07:50:00,87.674,88.015,87.674,87.933,215.75
2026-08-12 07:55:00,87.932,87.934,87.932,87.932,2.0
2026-08-12 08:00:00,87.934,87.934,87.855,87.855,8.26
2026-08-12 08:05:00,87.752,87.975,87.691,87.961,30.49
2026-08-12 08:10:00,87.96,87.978,87.756,87.847,108.24
2026-08-12 08:15:00,87.848,87.848,87.687,87.792,2.46
2026-08-12 08:20:00,87.791,87.791,87.709,87.71,2.08
2026-08-12 08:25:00,87.709,87.71,87.7,87.71,28.07
2026-08-12 08:30:00,87.709,87.734,87.631,87.733,5.31
2026-08-12 08:35:00,87.734,87.75,87.733,87.749,1.64
2026-08-12 08:40:00,87.751,87.887,87.632,87.762,3.98
2026-08-12 08:45:00,87.885,88.015,87.885,88.014,30.01
2026-08-12 08:50:00,87.932,87.988,87.723,87.723,132.6
2026-08-12 08:55:00,87.725,87.725,87.677,87.702,8.75
2026-08-12 09:00:00,87.702,87.702,87.6,87.6,200.95
2026-08-12 09:05:00,87.694,87.702,87.6,87.648,131.24
2026-08-12 09:10:00,87.6,87.615,87.6,87.6,19.09
2026-08-12 09:15:00,87.608,87.608,87.6,87.608,47.19
2026-08-12 09:20:00,87.608,87.608,87.6,87.608,2.35
2026-08-12 09:25:00,87.608,87.608,87.6,87.6,6.4
2026-08-12 09:30:00,87.608,87.608,87.6,87.608,14.61
2026-08-12 09:35:00,87.604,87.608,87.602,87.608,408.42
2026-08-12 09:40:00,87.602,87.608,87.217,87.217,39.46
2026-08-12 09:45:00,87.219,87.404,87.218,87.404,2.62
2026-08-12 09:50:00,87.287,87.439,87.287,87.439,3.13
2026-08-12 09:55:00,87.439,87.581,87.338,87.571,20.39
2026-08-12 10:00:00,87.571,87.592,87.408,87.461,13.23
2026-08-12 10:05:00,87.571,87.606,87.5,87.5,6.49
2026-08-12 10:10:00,87.5,87.608,87.462,87.607,8.04
2026-08-12 10:15:00,87.608,87.608,87.482,87.506,8.36
2026-08-12 10:20:00,87.607,87.608,87.503,87.556,38.45
2026-08-12 10:25:00,87.608,87.608,87.503,87.503,50.5
2026-08-12 10:30:00,87.608,87.608,87.412,87.52,24.43
2026-08-12 10:35:00,87.52,87.532,87.4,87.5,19.43
2026-08-12 10:40:00,87.569,87.569,87.377,87.462,23.79
2026-08-12 10:45:00,87.377,87.462,87.338,87.461,1.43
2026-08-12 10:50:00,87.462,87.464,87.0,87.112,39.59
2026-08-12 10:55:00,87.112,87.16,86.985,87.149,69.31
2026-08-12 11:00:00,87.042,87.897,86.887,87.576,251.49
2026-08-12 11:05:00,87.576,87.605,86.972,87.537,98.95
2026-08-12 11:10:00,87.56,87.567,87.46,87.567,8.62
2026-08-12 11:15:00,87.566,87.761,87.47,87.519,61.86
2026-08-12 11:20:00,87.662,87.662,87.517,87.651,6.39
2026-08-12 11:25:00,87.53,87.71,87.46,87.677,65.29
2026-08-12 11:30:00,87.673,87.724,87.508,87.593,23.45
2026-08-12 11:35:00,87.593,87.976,87.469,87.661,302.75
2026-08-12 11:40:00,87.526,87.682,87.505,87.505,14.05
2026-08-12 11:45:00,87.494,87.73,87.46,87.518,39.18
2026-08-12 11:50:00,87.631,87.632,87.488,87.5,12.5
2026-08-12 11:55:00,87.615,87.701,87.5,87.573,16.79
2026-08-12 12:00:00,87.573,87.685,87.497,87.534,22.21
2026-08-12 12:05:00,87.652,87.653,87.516,87.516,108.55
2026-08-12 12:10:00,87.652,87.652,87.516,87.629,10.44
2026-08-12 12:15:00,87.63,87.653,87.516,87.516,2.67
2026-08-12 12:20:00,87.586,87.586,87.516,87.585,8.39
2026-08-12 12:25:00,87.586,87.736,87.552,87.565,33.81
2026-08-12 12:30:00,87.694,87.694,87.587,87.694,1.64
2026-08-12 12:35:00,87.587,87.683,87.532,87.555,3.68
2026-08-12 12:40:00,87.662,87.772,87.555,87.755,38.25
2026-08-12 12:45:00,87.584,87.754,87.552,87.552,14.28
2026-08-12 12:50:00,87.553,87.6,87.552,87.599,18.62
2026-08-12 12:55:00,87.553,87.6,87.552,87.599,3.3
2026-08-12 13:00:00,87.553,87.6,87.497,87.549,6.55
2026-08-12 13:05:00,87.497,87.549,87.497,87.497,3.98
2026-08-12 13:10:00,87.497,87.549,87.497,87.548,3.23
2026-08-12 13:15:00,87.498,87.549,87.494,87.549,14.7
2026-08-12 13:20:00,87.548,87.549,87.494,87.549,28.89
2026-08-12 13:25:00,87.546,87.549,87.494,87.548,27.9
2026-08-12 13:30:00,87.549,87.598,87.495,87.501,62.07
2026-08-12 13:35:00,87.595,87.6,87.501,87.598,24.55
2026-08-12 13:40:00,87.596,87.6,87.494,87.494,39.58
2026-08-12 13:45:00,87.494,87.812,87.476,87.743,153.6
2026-08-12 13:50:00,87.655,87.783,87.48,87.66,55.96
2026-08-12 13:55:00,87.782,87.783,87.637,87.76,18.47
2026-08-12 14:00:00,87.76,87.808,87.605,87.617,36.81
2026-08-12 14:05:00,87.7,87.853,87.621,87.753,49.27
2026-08-12 14:10:00,87.752,87.843,87.609,87.668,36.76
2026-08-12 14:15:00,87.792,87.904,87.633,87.8,90.56
2026-08-12 14:20:00,87.711,87.805,87.55,87.792,86.77
2026-08-12 14:25:00,87.705,87.94,87.538,87.724,191.13
2026-08-12 14:30:00,87.683,87.874,87.615,87.789,71.37
2026-08-12 14:35:00,87.79,87.818,87.549,87.712,22.87
2026-08-12 14:40:00,87.799,87.858,87.556,87.633,13.0
2026-08-12 14:45:00,87.717,87.755,87.581,87.683,8.99
2026-08-12 14:50:00,87.685,87.769,87.535,87.75,21.62
2026-08-12 14:55:00,87.759,87.769,87.685,87.685,1.71
2026-08-12 15:00:00,87.754,87.77,87.658,87.767,14.43
2026-08-12 15:05:00,87.745,87.77,87.698,87.73,10.42
2026-08-12 15:10:00,87.749,87.77,87.649,87.723,21.13
2026-08-12 15:15:00,87.77,87.77,87.694,87.77,3.89
2026-08-12 15:20:00,87.77,87.879,87.711,87.808,54.47
2026-08-12 15:25:00,87.793,87.846,87.69,87.768,27.16
2026-08-12 15:30:00,87.778,87.857,87.702,87.792,9.6
2026-08-12 15:35:00,87.743,87.872,87.582,87.697,35.18
2026-08-12 15:40:00,87.767,88.0,87.579,87.767,203.43
2026-08-12 15:45:00,87.7,87.86,87.61,87.733,21.36
2026-08-12 15:50:00,87.661,87.992,87.58,87.731,70.1
2026-08-12 15:55:00,87.797,87.964,87.581,87.759,82.57
2026-08-12 16:00:00,87.819,88.0,87.641,87.727,76.94
2026-08-12 16:05:00,87.739,87.853,87.652,87.688,24.56
2026-08-12 16:10:00,87.724,87.9,87.638,87.733,31.73
2026-08-12 16:15:00,87.765,87.87,87.637,87.837,20.07
2026-08-12 16:20:00,87.799,87.854,87.675,87.678,27.24
2026-08-12 16:25:00,87.662,87.831,87.609,87.831,10.53
2026-08-12 16:30:00,87.811,87.846,87.509,87.738,74.88
2026-08-12 16:35:00,87.726,87.731,87.606,87.606,10.92
2026-08-12 16:40:00,87.506,87.611,87.506,87.59,9.95
2026-08-12 16:45:00,87.566,87.6,87.47,87.55,74.37
2026-08-12 16:50:00,87.524,87.755,87.47,87.665,39.21
2026-08-12 16:55:00,87.624,87.77,87.57,87.74,40.0
2026-08-12 17:00:00,87.694,87.785,87.694,87.742,47.19
2026-08-12 17:05:00,87.742,87.827,87.582,87.633,102.32
2026-08-12 17:10:00,87.628,87.703,87.55,87.608,32.14
2026-08-12 17:15:00,87.566,87.655,87.55,87.558,29.46
2026-08-12 17:20:00,87.558,87.802,87.55,87.696,62.81
2026-08-12 17:25:00,87.646,87.701,87.6,87.649,24.39
2026-08-12 17:30:00,87.659,87.761,87.6,87.674,54.95
2026-08-12 17:35:00,87.634,87.67,87.6,87.67,19.12
2026-08-12 17:40:00,87.625,87.744,87.61,87.744,22.95
2026-08-12 17:45:00,87.675,87.767,87.67,87.742,62.5
2026-08-12 17:50:00,87.706,87.772,87.67,87.72,66.85
2026-08-12 17:55:00,87.724,87.805,87.685,87.804,18.96
2026-08-12 18:00:00,87.78,87.828,87.73,87.793,64.39
2026-08-12 18:05:00,87.796,87.836,87.73,87.836,43.04
2026-08-12 18:10:00,87.797,87.843,87.73,87.772,98.9
2026-08-12 18:15:00,87.773,87.902,87.756,87.846,165.11
2026-08-12 18:20:00,87.801,88.098,87.73,87.804,209.12
2026-08-12 18:25:00,87.835,88.026,87.794,87.879,73.41
2026-08-12 18:30:00,87.844,88.11,87.794,87.941,196.79
2026-08-12 18:35:00,87.907,88.113,87.812,87.873,82.69
2026-08-12 18:40:00,87.825,87.899,87.794,87.835,14.11
2026-08-12 18:45:00,87.802,87.873,87.794,87.837,17.6
2026-08-12 18:50:00,87.817,87.871,87.794,87.867,14.98
2026-08-12 18:55:00,87.794,87.956,87.794,87.869,19.0
2026-08-12 19:00:00,87.834,88.029,87.796,88.0,25.43
2026-08-12 19:05:00,87.946,87.996,87.811,87.898,26.42
2026-08-12 19:10:00,87.837,88.02,87.699,87.95,89.67
2026-08-12 19:15:00,87.875,87.924,87.79,87.88,14.88
2026-08-12 19:20:00,87.83,88.01,87.788,87.83,79.14
2026-08-12 19:25:00,87.79,87.883,87.57,87.616,85.56
2026-08-12 19:30:00,87.603,87.91,87.4,87.886,1138.3
2026-08-12 19:35:00,87.885,87.9,87.744,87.784,13.64
2026-08-12 19:40:00,87.784,87.877,87.646,87.742,16.24
2026-08-12 19:45:00,87.649,87.841,87.619,87.747,42.51
2026-08-12 19:50:00,87.747,87.842,87.609,87.705,13.59
2026-08-12 19:55:00,87.656,87.79,87.631,87.765,13.56
2026-08-12 20:00:00,87.699,87.786,87.33,87.7,218.03
2026-08-12 20:05:00,87.7,87.7,87.537,87.686,17.65
2026-08-12 20:10:00,87.611,87.7,87.482,87.7,23.37
2026-08-12 20:15:00,87.696,87.789,87.601,87.754,32.97
2026-08-12 20:20:00,87.742,87.889,87.728,87.802,62.89
2026-08-12 20:25:00,87.795,88.0,87.784,87.999,26.09
2026-08-12 20:30:00,87.929,87.999,87.915,87.929,15.81
2026-08-12 20:35:00,87.997,87.999,87.538,87.814,124.56
2026-08-12 20:40:00,87.879,87.88,87.402,87.87,75.23
2026-08-12 20:45:00,87.88,87.88,87.619,87.802,36.07
2026-08-12 20:50:00,87.811,87.88,87.583,87.583,23.32
2026-08-12 20:55:00,87.596,87.76,87.296,87.452,174.42
2026-08-12 21:00:00,87.468,87.504,87.3,87.423,55.65
2026-08-12 21:05:00,87.345,87.386,87.292,87.382,38.72
2026-08-12 21:10:00,87.389,87.524,87.302,87.491,46.13
2026-08-12 21:15:00,87.491,87.67,87.372,87.665,59.91
2026-08-12 21:20:00,87.67,87.764,87.573,87.693,29.39
2026-08-12 21:25:00,87.717,87.88,87.504,87.517,100.24
2026-08-12 21:30:00,87.514,87.59,87.364,87.488,26.85
2026-08-12 21:35:00,87.553,87.554,87.335,87.516,31.44
2026-08-12 21:40:00,87.506,87.733,87.506,87.62,26.43
2026-08-12 21:45:00,87.652,87.849,87.517,87.804,39.48
2026-08-12 21:50:00,87.816,87.869,87.6,87.706,16.25
2026-08-12 21:55:00,87.755,87.88,87.7,87.88,338.56
2026-08-12 22:00:00,87.779,87.88,87.726,87.806,103.65
2026-08-12 22:05:00,87.873,88.0,87.755,87.992,240.97
2026-08-12 22:10:00,88.0,88.123,87.756,88.043,139.03
2026-08-12 22:15:00,87.982,88.074,87.31,87.454,353.68
2026-08-12 22:20:00,87.445,87.5,87.245,87.326,238.98
2026-08-12 22:25:00,87.292,87.401,86.76,87.159,388.34
2026-08-12 22:30:00,87.211,87.219,86.76,87.0,338.81
2026-08-12 22:35:00,87.005,87.149,86.535,86.92,573.1
2026-08-12 22:40:00,86.941,87.005,86.24,86.364,505.61
2026-08-12 22:45:00,86.361,87.022,86.36,86.705,153.31
2026-08-12 22:50:00,86.705,86.726,85.467,85.718,1051.32
2026-08-12 22:55:00,85.716,86.837,85.595,86.706,276.89
2026-08-12 23:00:00,86.874,86.969,86.693,86.849,86.77
2026-08-12 23:05:00,86.744,86.995,86.74,86.904,35.74
2026-08-12 23:10:00,86.904,86.953,86.708,86.78,23.72
2026-08-12 23:15:00,86.709,86.92,86.708,86.919,37.74
2026-08-12 23:20:00,86.919,87.298,86.716,87.1,506.17
2026-08-12 23:25:00,87.12,87.442,86.78,87.321,485.48
2026-08-12 23:30:00,87.321,87.472,87.088,87.395,135.39
2026-08-12 23:35:00,87.281,87.483,87.244,87.37,46.37
2026-08-12 23:40:00,87.37,87.503,87.196,87.378,127.75
2026-08-12 23:45:00,87.252,87.537,87.196,87.29,180.59
2026-08-12 23:50:00,87.29,87.505,86.814,86.999,209.24
2026-08-12 23:55:00,86.853,87.053,86.585,86.846,183.7
2026-08-13 00:00:00,86.695,87.056,86.695,87.055,34.74
2026-08-13 00:05:00,87.056,87.203,86.897,86.96,89.3
2026-08-13 00:10:00,86.961,87.17,86.961,87.168,34.27
2026-08-13 00:15:00,87.137,87.454,87.137,87.359,126.23
2026-08-13 00:20:00,87.265,87.434,87.265,87.405,54.85
2026-08-13 00:25:00,87.366,87.557,87.292,87.553,57.17
2026-08-13 00:30:00,87.493,87.748,87.416,87.558,142.75
2026-08-13 00:35:00,87.498,87.77,87.467,87.77,46.77
2026-08-13 00:40:00,87.77,87.931,87.641,87.746,55.44
2026-08-13 00:45:00,87.74,88.0,87.139,87.169,428.13
2026-08-13 00:50:00,87.18,87.857,86.951,87.737,331.5
2026-08-13 00:55:00,87.769,87.914,87.446,87.646,162.93
2026-08-13 01:00:00,87.695,87.781,87.439,87.72,53.09
2026-08-13 01:05:00,87.72,88.123,87.217,87.797,263.74
2026-08-13 01:10:00,87.797,88.068,87.36,87.986,173.73
2026-08-13 01:15:00,87.934,88.123,87.724,88.079,114.38
2026-08-13 01:20:00,88.021,88.087,87.695,87.853,46.88
2026-08-13 01:25:00,87.824,87.951,87.818,87.911,27.25
2026-08-13 01:30:00,87.991,88.08,87.9,88.08,50.14
2026-08-13 01:35:00,87.989,88.123,86.451,87.101,1153.68
2026-08-13 01:40:00,87.056,87.286,86.734,87.197,662.54
2026-08-13 01:45:00,87.16,87.405,87.078,87.34,134.34
2026-08-13 01:50:00,87.287,87.96,86.872,87.797,398.54
2026-08-13 01:55:00,87.876,87.92,87.5,87.806,124.34
2026-08-13 02:00:00,87.837,88.0,87.707,87.972,111.69
2026-08-13 02:05:00,87.934,88.0,87.742,87.958,101.26
2026-08-13 02:10:00,87.95,88.107,87.641,87.858,183.85
2026-08-13 02:15:00,87.859,87.981,87.691,87.846,105.61
2026-08-13 02:20:00,87.867,87.995,87.793,87.994,52.75
2026-08-13 02:25:00,87.962,88.069,87.915,88.069,47.99
2026-08-13 02:30:00,88.052,88.297,88.052,88.146,376.94
2026-08-13 02:35:00,88.177,88.28,88.149,88.235,467.51
2026-08-13 02:40:00,88.276,88.316,88.201,88.312,397.05
2026-08-13 02:45:00,88.312,88.316,88.05,88.289,245.49
2026-08-13 02:50:00,88.289,88.3,88.074,88.271,425.15
2026-08-13 02:55:00,88.271,88.316,88.198,88.272,73.25
2026-08-13 03:00:00,88.272,88.421,88.214,88.29,366.56
2026-08-13 03:05:00,88.362,88.421,88.29,88.343,220.14
2026-08-13 03:10:00,88.327,88.388,88.29,88.345,110.31
2026-08-13 03:15:00,88.333,88.334,88.29,88.316,55.58
2026-08-13 03:20:00,88.304,88.315,88.29,88.3,46.18
2026-08-13 03:25:00,88.299,88.3,88.29,88.3,185.12
2026-08-13 03:30:00,88.3,88.357,88.29,88.347,195.26
2026-08-13 03:35:00,88.351,88.351,88.29,88.326,62.82
2026-08-13 03:40:00,88.341,88.376,88.29,88.34,89.61
2026-08-13 03:45:00,88.326,88.386,88.29,88.386,127.77
2026-08-13 03:50:00,88.375,88.4,88.318,88.365,35.92
2026-08-13 03:55:00,88.322,88.421,88.29,88.29,391.09
2026-08-13 04:00:00,88.29,88.4,88.005,88.4,461.1
2026-08-13 04:05:00,88.346,88.42,88.282,88.389,226.22
2026-08-13 04:10:00,88.362,88.4,88.321,88.36,87.7
2026-08-13 04:15:00,88.375,88.4,88.298,88.344,105.76
2026-08-13 04:20:00,88.349,88.4,88.337,88.399,66.82
2026-08-13 04:25:00,88.4,88.4,88.389,88.4,40.63
2026-08-13 04:30:00,88.4,88.421,88.355,88.421,66.25
2026-08-13 04:35:00,88.39,88.421,88.044,88.328,209.09
2026-08-13 04:40:00,88.317,88.356,88.173,88.3,32.54
2026-08-13 04:45:00,88.299,88.3,88.152,88.3,62.34
2026-08-13 04:50:00,88.3,88.3,88.228,88.3,49.78
2026-08-13 04:55:00,88.3,88.5,88.288,88.414,172.66
2026-08-13 05:00:00,88.423,88.5,88.023,88.126,234.47
2026-08-13 05:05:00,88.115,88.2,87.852,88.097,79.37
2026-08-13 05:10:00,88.049,88.1,88.006,88.1,71.98
2026-08-13 05:15:00,88.1,88.1,87.943,88.1,59.93
2026-08-13 05:20:00,88.1,88.4,88.056,88.088,295.46
2026-08-13 05:25:00,88.074,88.114,87.911,88.075,111.21
2026-08-13 05:30:00,88.089,88.1,87.981,88.1,84.56
2026-08-13 05:35:00,88.1,88.1,88.078,88.09,21.66
2026-08-13 05:40:00,88.1,88.1,88.094,88.1,73.21
2026-08-13 05:45:00,88.1,88.1,88.027,88.1,24.87
2026-08-13 05:50:00,88.1,88.1,88.09,88.1,156.82
2026-08-13 05:55:00,88.1,88.277,87.986,88.2,546.23
2026-08-13 06:00:00,88.176,88.2,88.027,88.2,49.53
2026-08-13 06:05:00,88.2,88.2,88.151,88.2,46.27
2026-08-13 06:10:00,88.164,88.2,88.134,88.194,84.23
2026-08-13 06:15:00,88.134,88.2,88.134,88.2,38.69
2026-08-13 06:20:00,88.2,88.2,88.19,88.192,14.81
2026-08-13 06:25:00,88.2,88.2,88.19,88.2,122.84
2026-08-13 06:30:00,88.191,88.2,88.191,88.2,17.27
2026-08-13 06:35:00,88.2,88.2,88.194,88.2,16.52
2026-08-13 06:40:00,88.2,88.2,88.19,88.2,15.61
2026-08-13 06:45:00,88.2,88.2,88.19,88.2,39.25
2026-08-13 06:50:00,88.2,88.2,88.0,88.185,89.67
2026-08-13 06:55:00,88.185,88.2,88.176,88.2,13.63
2026-08-13 07:00:00,88.2,88.2,88.191,88.2,11.48
2026-08-13 07:05:00,88.191,88.2,88.121,88.186,58.6
2026-08-13 07:10:00,88.189,88.2,88.189,88.2,31.87
2026-08-13 07:15:00,88.2,88.2,88.193,88.2,22.98
2026-08-13 07:20:00,88.2,88.3,88.127,88.3,642.11
2026-08-13 07:25:00,88.299,88.3,88.266,88.3,146.79
2026-08-13 07:30:00,88.285,88.3,88.285,88.3,19.97
2026-08-13 07:35:00,88.293,88.3,88.292,88.3,17.77
2026-08-13 07:40:00,88.3,88.35,88.243,88.35,23.04
2026-08-13 07:45:00,88.35,88.478,88.331,88.375,36.14
2026-08-13 07:50:00,88.454,88.52,88.293,88.52,95.75
2026-08-13 07:55:00,88.499,88.525,88.441,88.525,42.2
2026-08-13 08:00:00,88.515,88.525,88.515,88.525,14.13
2026-08-13 08:05:00,88.525,88.526,88.5,88.525,122.56
2026-08-13 08:10:00,88.525,88.525,88.39,88.525,296.27
2026-08-13 08:15:00,88.519,88.526,88.513,88.526,52.64
2026-08-13 08:20:00,88.526,88.526,88.514,88.526,14.45
2026-08-13 08:25:00,88.519,88.631,88.516,88.55,30.78
2026-08-13 08:30:00,88.55,88.632,88.315,88.593,109.55
2026-08-13 08:35:00,88.607,88.631,88.417,88.561,64.04
2026-08-13 08:40:00,88.561,88.631,88.488,88.63,82.39
2026-08-13 08:45:00,88.578,88.63,88.499,88.63,62.52
2026-08-13 08:50:00,88.63,88.63,88.54,88.63,34.31
2026-08-13 08:55:00,88.63,88.63,88.542,88.63,37.46
2026-08-13 09:00:00,88.617,88.63,88.617,88.63,14.64
2026-08-13 09:05:00,88.63,88.63,88.612,88.63,124.83
2026-08-13 09:10:00,88.63,88.63,88.617,88.63,51.31
2026-08-13 09:15:00,88.612,88.63,88.612,88.63,32.1
2026-08-13 09:20:00,88.623,88.77,88.623,88.707,318.34
2026-08-13 09:25:00,88.68,89.752,88.66,89.45,1989.44
2026-08-13 09:30:00,89.466,89.997,89.321,89.915,776.06
2026-08-13 09:35:00,89.915,89.995,89.175,89.538,426.51
2026-08-13 09:40:00,89.478,89.756,89.0,89.547,627.96
2026-08-13 09:45:00,89.495,89.989,89.495,89.652,167.18
2026-08-13 09:50:00,89.75,89.76,89.444,89.679,95.11
2026-08-13 09:55:00,89.67,89.8,89.0,89.156,412.93
2026-08-13 10:00:00,89.081,89.243,89.0,89.0,301.9
2026-08-13 10:05:00,89.102,89.266,89.0,89.266,98.56
2026-08-13 10:10:00,89.263,89.621,89.195,89.562,78.86
2026-08-13 10:15:00,89.54,89.65,89.0,89.174,261.54
2026-08-13 10:20:00,89.162,89.557,89.162,89.556,38.74
2026-08-13 10:25:00,89.595,89.799,89.358,89.558,250.3
2026-08-13 10:30:00,89.621,89.979,89.42,89.691,167.0
2026-08-13 10:35:00,89.7,89.717,89.61,89.717,126.04
2026-08-13 10:40:00,89.708,89.717,89.238,89.615,174.67
2026-08-13 10:45:00,89.695,89.717,89.66,89.717,58.04
2026-08-13 10:50:00,89.717,89.791,89.0,89.791,246.86
2026-08-13 10:55:00,89.742,89.791,89.447,89.495,140.63
2026-08-13 11:00:00,89.495,89.496,89.292,89.292,70.84
2026-08-13 11:05:00,89.303,89.385,89.172,89.31,119.2
2026-08-13 11:10:00,89.309,89.31,89.308,89.31,9.68
2026-08-13 11:15:00,89.31,89.467,89.292,89.383,80.14
2026-08-13 11:20:00,89.438,89.455,89.039,89.272,90.33
2026-08-13 11:25:00,89.272,89.359,89.272,89.306,27.4
2026-08-13 11:30:00,89.278,89.313,89.095,89.116,118.61
2026-08-13 11:35:00,89.038,89.216,88.6,89.102,263.66
2026-08-13 11:40:00,89.054,89.102,89.013,89.089,42.27
2026-08-13 11:45:00,89.046,89.275,88.997,89.1,62.38
2026-08-13 11:50:00,89.179,89.338,89.108,89.328,54.84
2026-08-13 11:55:00,89.29,89.325,89.201,89.267,45.26
2026-08-13 12:00:00,89.243,89.265,89.053,89.129,78.72
2026-08-13 12:05:00,89.128,89.162,89.053,89.122,49.09
2026-08-13 12:10:00,89.164,89.169,89.12,89.168,16.54
2026-08-13 12:15:00,89.168,89.169,89.132,89.169,70.94
2026-08-13 12:20:00,89.132,89.169,89.132,89.16,51.94
2026-08-13 12:25:00,89.169,89.169,89.067,89.169,41.17
2026-08-13 12:30:00,89.169,89.169,89.141,89.169,48.63
2026-08-13 12:35:00,89.159,89.164,89.152,89.164,31.22
2026-08-13 12:40:00,89.152,89.169,89.053,89.16,47.05
2026-08-13 12:45:00,89.16,89.168,89.08,89.147,36.96
2026-08-13 12:50:00,89.147,89.147,89.105,89.147,95.26
2026-08-13 12:55:00,89.08,89.147,89.053,89.138,58.14
2026-08-13 13:00:00,89.147,89.517,89.147,89.491,147.11
2026-08-13 13:05:00,89.521,89.979,89.52,89.932,240.05
2026-08-13 13:10:00,89.841,89.978,89.69,89.881,97.62
2026-08-13 13:15:00,89.879,89.997,89.689,89.95,192.91
2026-08-13 13:20:00,89.931,89.997,89.896,89.936,37.78
2026-08-13 13:25:00,89.984,89.999,89.866,89.998,213.81
2026-08-13 13:30:00,89.95,89.999,89.76,89.987,140.03
2026-08-13 13:35:00,89.97,89.999,89.714,89.914,63.8
2026-08-13 13:40:00,89.88,90.0,89.812,89.949,222.82
2026-08-13 13:45:00,89.949,89.995,89.817,89.995,123.11
2026-08-13 13:50:00,89.995,90.48,89.893,90.137,525.26
2026-08-13 13:55:00,90.172,90.5,90.072,90.295,442.23
2026-08-13 14:00:00,90.363,90.662,90.221,90.408,424.37
2026-08-13 14:05:00,90.49,90.507,90.058,90.335,149.63
2026-08-13 14:10:00,90.351,90.467,90.181,90.432,165.19
2026-08-13 14:15:00,90.441,90.712,90.441,90.637,345.15
2026-08-13 14:20:00,90.637,90.699,90.498,90.567,64.95
2026-08-13 14:25:00,90.604,90.76,90.604,90.76,171.77
2026-08-13 14:30:00,90.712,90.76,90.681,90.738,73.46
2026-08-13 14:35:00,90.759,91.382,90.728,91.01,344.76
2026-08-13 14:40:00,91.09,91.151,90.763,90.98,84.21
2026-08-13 14:45:00,90.952,91.571,90.872,90.988,320.23
2026-08-13 14:50:00,90.969,91.8,90.969,91.159,298.7
2026-08-13 14:55:00,90.998,91.411,90.768,90.807,219.42
2026-08-13 15:00:00,90.795,91.35,90.767,91.127,488.88
2026-08-13 15:05:00,91.076,91.323,91.076,91.27,210.24
2026-08-13 15:10:00,91.231,91.3,91.2,91.237,107.43
2026-08-13 15:15:00,91.293,91.293,91.2,91.257,93.91
2026-08-13 15:20:00,91.2,91.341,91.2,91.275,267.88
2026-08-13 15:25:00,91.303,91.342,91.237,91.273,180.15
2026-08-13 15:30:00,91.302,91.941,91.264,91.888,720.68
2026-08-13 15:35:00,91.831,92.315,91.394,91.697,792.18
2026-08-13 15:40:00,91.743,91.743,90.319,91.364,548.64
2026-08-13 15:45:00,91.336,92.323,91.336,92.323,319.19
2026-08-13 15:50:00,92.168,92.591,92.112,92.549,309.74
2026-08-13 15:55:00,92.549,92.646,91.851,92.39,1569.63
2026-08-13 16:00:00,92.415,92.52,92.12,92.222,340.13
2026-08-13 16:05:00,92.335,92.646,92.335,92.52,284.79
2026-08-13 16:10:00,92.376,93.247,92.271,93.107,2485.02
2026-08-13 16:15:00,93.101,93.632,93.063,93.47,721.7
2026-08-13 16:20:00,93.498,94.0,93.333,93.741,2464.74
2026-08-13 16:25:00,93.879,93.879,92.868,93.127,592.21
2026-08-13 16:30:00,93.189,93.426,92.921,93.08,325.2
2026-08-13 16:35:00,93.17,93.33,92.95,93.063,234.0
2026-08-13 16:40:00,93.062,93.506,92.9,93.043,221.01
2026-08-13 16:45:00,93.116,93.216,92.2,92.33,220.07
2026-08-13 16:50:00,92.285,92.835,92.285,92.426,99.02
2026-08-13 16:55:00,92.53,93.0,92.516,92.869,77.59
2026-08-13 17:00:00,92.882,93.0,92.3,92.537,211.13
2026-08-13 17:05:00,92.563,92.769,91.754,92.225,190.74
2026-08-13 17:10:00,92.047,92.331,90.978,91.29,393.07
2026-08-13 17:15:00,91.289,91.468,88.999,90.901,1041.27
2026-08-13 17:20:00,90.883,90.936,89.757,90.147,147.05
2026-08-13 17:25:00,90.241,90.642,88.0,89.223,1430.64
2026-08-13 17:30:00,89.332,90.235,89.077,89.688,561.63
2026-08-13 17:35:00,89.69,89.933,89.688,89.928,152.94
2026-08-13 17:40:00,89.933,90.229,89.746,89.854,178.35
2026-08-13 17:45:00,89.797,89.958,88.408,89.0,670.2
2026-08-13 17:50:00,88.997,89.734,88.829,89.592,238.29
2026-08-13 17:55:00,89.591,90.333,89.564,90.315,70.17
2026-08-13 18:00:00,90.323,90.449,90.253,90.357,46.91
2026-08-13 18:05:00,90.357,90.553,90.301,90.407,98.33
2026-08-13 18:10:00,90.482,90.653,86.68,87.08,1572.01
2026-08-13 18:15:00,87.08,88.814,86.147,87.868,2365.79
2026-08-13 18:20:00,88.015,88.293,87.802,88.171,184.02
2026-08-13 18:25:00,88.184,88.623,88.143,88.4,169.95
2026-08-13 18:30:00,88.399,88.603,86.7,87.228,627.48
2026-08-13 18:35:00,87.054,87.741,87.014,87.6,180.46
2026-08-13 18:40:00,87.599,87.904,86.7,86.7,174.14
2026-08-13 18:45:00,86.783,87.062,86.0,86.75,621.07
2026-08-13 18:50:00,86.782,88.72,86.753,88.034,640.41
2026-08-13 18:55:00,88.058,89.91,87.638,89.168,794.99
2026-08-13 19:00:00,89.168,89.416,88.701,88.936,110.28
2026-08-13 19:05:00,88.925,89.197,88.792,88.99,39.46
2026-08-13 19:10:00,88.973,89.051,87.924,88.091,459.48
2026-08-13 19:15:00,88.091,88.157,87.884,88.029,45.11
2026-08-13 19:20:00,88.009,88.057,87.0,87.431,497.65
2026-08-13 19:25:00,87.446,87.755,86.634,87.385,328.62
2026-08-13 19:30:00,87.435,87.747,87.338,87.685,26.83
2026-08-13 19:35:00,87.684,87.726,86.961,87.63,101.57
2026-08-13 19:40:00,87.631,87.631,87.286,87.614,72.94
2026-08-13 19:45:00,87.624,87.665,87.363,87.562,56.96
2026-08-13 19:50:00,87.568,87.64,87.472,87.57,53.35
2026-08-13 19:55:00,87.559,88.62,87.559,88.553,152.69
2026-08-13 20:00:00,88.49,88.679,88.275,88.624,61.62
2026-08-13 20:05:00,88.624,88.688,87.874,87.988,80.06
2026-08-13 20:10:00,87.99,88.715,87.99,88.465,62.7
2026-08-13 20:15:00,88.448,88.98,88.127,88.971,84.68
2026-08-13 20:20:00,88.815,89.041,88.743,89.037,46.22
2026-08-13 20:25:00,88.983,89.037,88.9,88.946,87.66
2026-08-13 20:30:00,88.945,89.3,88.897,88.941,162.32
2026-08-13 20:35:00,88.941,89.115,88.715,89.009,167.22
2026-08-13 20:40:00,89.099,89.134,88.749,88.901,132.64
2026-08-13 20:45:00,88.985,89.499,88.802,89.093,237.63
2026-08-13 20:50:00,89.248,89.488,89.006,89.282,197.3
2026-08-13 20:55:00,89.264,89.322,88.91,89.28,140.86
2026-08-13 21:00:00,89.277,89.362,88.879,89.177,133.63
2026-08-13 21:05:00,89.219,89.442,89.176,89.321,198.54
2026-08-13 21:10:00,89.423,89.56,89.362,89.522,138.64
2026-08-13 21:15:00,89.532,89.6,89.272,89.43,86.15
2026-08-13 21:20:00,89.42,89.435,89.272,89.272,43.27
2026-08-13 21:25:00,89.317,89.327,89.171,89.295,82.85
2026-08-13 21:30:00,89.296,89.519,89.019,89.293,94.24
2026-08-13 21:35:00,89.306,89.377,89.15,89.241,29.13
2026-08-13 21:40:00,89.325,89.421,89.047,89.27,98.59
2026-08-13 21:45:00,89.34,90.194,89.034,89.426,400.9
2026-08-13 21:50:00,89.497,89.57,89.0,89.17,81.28
2026-08-13 21:55:00,89.144,89.175,89.0,89.174,62.12
2026-08-13 22:00:00,89.173,89.175,88.977,89.113,117.67
2026-08-13 22:05:00,89.083,89.174,88.899,89.016,80.01
2026-08-13 22:10:00,89.048,89.158,88.899,89.103,71.69
2026-08-13 22:15:00,89.135,89.174,88.899,89.132,53.18
2026-08-13 22:20:00,89.153,89.174,89.006,89.072,18.0
2026-08-13 22:25:00,89.017,89.165,88.95,89.117,42.98
2026-08-13 22:30:00,89.114,89.174,88.899,88.972,57.16
2026-08-13 22:35:00,89.025,89.067,88.898,88.985,26.75
2026-08-13 22:40:00,88.985,89.243,88.901,89.187,183.34
2026-08-13 22:45:00,89.172,89.838,89.112,89.377,125.91
2026-08-13 22:50:00,89.296,89.339,89.15,89.289,26.04
2026-08-13 22:55:00,89.3,89.334,89.033,89.21,85.86
2026-08-13 23:00:00,89.235,89.43,89.154,89.418,51.79
2026-08-13 23:05:00,89.411,89.495,89.301,89.41,34.69
2026-08-13 23:10:00,89.41,89.484,89.339,89.38,49.92
2026-08-13 23:15:00,89.399,89.4,89.3,89.361,311.23
2026-08-13 23:20:00,89.361,89.493,89.301,89.431,66.25
2026-08-13 23:25:00,89.411,89.627,89.3,89.427,139.88
2026-08-13 23:30:00,89.397,89.448,89.043,89.2,597.07
2026-08-13 23:35:00,89.202,89.272,88.898,88.929,41.81
2026-08-13 23:40:00,88.898,89.0,88.891,88.891,103.07
2026-08-13 23:45:00,88.949,89.0,88.891,88.965,32.42
2026-08-13 23:50:00,88.965,89.0,88.935,89.0,50.31
2026-08-13 23:55:00,89.0,89.13,88.98,89.088,65.6
2026-08-14 00:00:00,89.099,89.106,88.868,88.919,238.38
2026-08-14 00:05:00,88.895,88.945,88.859,88.902,22.13
2026-08-14 00:10:00,88.895,88.949,88.814,88.941,52.22
2026-08-14 00:15:00,88.899,89.062,88.798,88.915,38.9
2026-08-14 00:20:00,88.872,88.926,88.798,88.852,67.36
2026-08-14 00:25:00,88.851,89.103,88.798,89.103,53.45
2026-08-14 00:30:00,89.084,89.103,88.797,89.023,142.07
2026-08-14 00:35:00,89.082,89.13,89.016,89.066,37.26
2026-08-14 00:40:00,89.053,90.329,89.0,90.1,682.23
2026-08-14 00:45:00,90.1,90.734,90.1,90.5,194.45
2026-08-14 00:50:00,90.5,90.604,89.515,89.979,182.87
2026-08-14 00:55:00,89.934,90.017,89.755,89.91,6.51
2026-08-14 01:00:00,89.909,90.175,89.371,90.015,101.76
2026-08-14 01:05:00,90.106,90.431,89.976,90.335,171.86
2026-08-14 01:10:00,90.378,91.387,90.378,90.948,200.13
2026-08-14 01:15:00,90.912,91.403,90.891,91.399,251.98
2026-08-14 01:20:00,91.399,91.527,91.245,91.41,65.43
2026-08-14 01:25:00,91.392,92.269,91.224,92.02,548.26
2026-08-14 01:30:00,92.02,92.387,92.0,92.054,359.13
2026-08-14 01:35:00,92.055,92.057,92.0,92.0,167.57
2026-08-14 01:40:00,92.0,92.057,92.0,92.057,34.77
2026-08-14 01:45:00,92.0,92.057,92.0,92.0,130.66
2026-08-14 01:50:00,92.057,92.057,92.0,92.0,98.92
2026-08-14 01:55:00,92.057,92.057,91.939,92.038,130.59
2026-08-14 02:00:00,92.037,92.037,91.811,91.927,78.95
2026-08-14 02:05:00,91.847,91.941,91.56,91.621,137.4
2026-08-14 02:10:00,91.621,91.774,91.463,91.637,57.95
2026-08-14 02:15:00,91.65,92.057,91.432,92.056,335.21
2026-08-14 02:20:00,92.057,92.298,92.01,92.055,604.13
2026-08-14 02:25:00,92.223,92.264,91.835,91.95,30.42
2026-08-14 02:30:00,91.82,92.05,91.82,92.029,17.57
2026-08-14 02:35:00,91.926,91.997,91.755,91.872,24.89
2026-08-14 02:40:00,91.864,91.982,91.595,91.69,41.33
2026-08-14 02:45:00,91.6,91.883,90.927,91.557,93.89
2026-08-14 02:50:00,91.548,91.6,91.231,91.526,80.51
2026-08-14 02:55:00,91.598,92.8,91.538,92.241,272.55
2026-08-14 03:00:00,92.241,92.803,92.241,92.48,141.9
2026-08-14 03:05:00,92.399,92.601,92.241,92.241,256.51
2026-08-14 03:10:00,92.241,92.336,91.985,91.985,230.09
2026-08-14 03:15:00,92.025,92.101,91.976,92.101,29.95
2026-08-14 03:20:00,92.114,92.5,91.942,92.008,149.84
2026-08-14 03:25:00,91.942,92.215,91.818,92.136,255.06
2026-08-14 03:30:00,92.126,92.251,91.884,92.151,71.95
2026-08-14 03:35:00,92.151,92.179,91.912,92.142,43.8
2026-08-14 03:40:00,92.168,92.169,92.027,92.028,12.14
2026-08-14 03:45:00,92.097,92.107,91.809,91.809,44.22
2026-08-14 03:50:00,91.915,92.016,91.797,91.797,51.64
2026-08-14 03:55:00,91.864,92.147,91.776,92.14,68.19
2026-08-14 04:00:00,92.124,92.23,91.794,92.102,123.83
2026-08-14 04:05:00,92.107,92.211,91.856,92.086,52.89
2026-08-14 04:10:00,92.173,92.23,92.072,92.072,32.44
2026-08-14 04:15:00,92.173,92.175,92.035,92.056,8.25
2026-08-14 04:20:00,92.154,92.99,91.977,92.858,262.36
2026-08-14 04:25:00,92.858,92.88,92.602,92.823,103.91
2026-08-14 04:30:00,92.769,92.964,92.672,92.845,113.3
2026-08-14 04:35:00,92.862,92.99,92.746,92.929,55.19
2026-08-14 04:40:00,92.93,92.99,92.832,92.93,54.01
2026-08-14 04:45:00,92.929,92.93,92.801,92.927,63.98
2026-08-14 04:50:00,92.926,92.927,92.703,92.927,35.28
2026-08-14 04:55:00,92.926,92.93,92.817,92.817,7.34
2026-08-14 05:00:00,92.917,92.93,92.694,92.797,34.21
2026-08-14 05:05:00,92.798,92.798,92.439,92.53,57.55
2026-08-14 05:10:00,92.576,92.678,92.264,92.447,27.85
2026-08-14 05:15:00,92.448,92.591,92.197,92.474,49.85
2026-08-14 05:20:00,92.46,92.721,92.46,92.721,38.91
2026-08-14 05:25:00,92.632,92.795,92.449,92.73,94.49
2026-08-14 05:30:00,92.706,92.764,92.331,92.674,21.21
2026-08-14 05:35:00,92.75,92.809,92.58,92.7,9.47
2026-08-14 05:40:00,92.684,92.7,92.58,92.598,15.06
2026-08-14 05:45:00,92.598,92.698,92.501,92.678,6.73
2026-08-14 05:50:00,92.698,93.0,92.518,92.692,238.01
2026-08-14 05:55:00,92.763,93.333,92.579,93.3,241.14
2026-08-14 06:00:00,93.3,93.332,93.099,93.212,53.24
2026-08-14 06:05:00,93.192,93.193,91.77,91.771,256.78
2026-08-14 06:10:00,91.771,91.984,90.487,91.487,788.63
2026-08-14 06:15:00,91.486,91.648,91.255,91.648,19.4
2026-08-14 06:20:00,91.648,92.449,91.504,92.351,100.05
2026-08-14 06:25:00,92.449,92.568,91.945,92.025,149.36
2026-08-14 06:30:00,91.985,91.997,91.153,91.413,81.17
2026-08-14 06:35:00,91.421,91.945,91.421,91.915,60.71
2026-08-14 06:40:00,91.927,91.932,91.786,91.878,3.59
2026-08-14 06:45:00,91.878,91.878,91.734,91.861,3.7
2026-08-14 06:50:00,91.859,91.86,91.344,91.349,127.96
2026-08-14 06:55:00,91.349,91.349,91.151,91.284,22.21
2026-08-14 07:00:00,91.284,91.314,90.288,91.181,168.9
2026-08-14 07:05:00,91.181,91.182,90.95,91.117,15.37
2026-08-14 07:10:00,91.117,91.118,90.795,90.996,33.29
2026-08-14 07:15:00,90.996,91.08,90.897,91.031,36.22
2026-08-14 07:20:00,90.922,91.097,90.902,91.097,24.72
2026-08-14 07:25:00,91.097,91.349,90.938,91.097,93.7
2026-08-14 07:30:00,91.197,91.215,91.074,91.096,15.4
2026-08-14 07:35:00,91.076,91.149,91.036,91.052,13.65
2026-08-14 07:40:00,91.125,91.275,90.791,91.122,62.2
2026-08-14 07:45:00,91.197,91.277,90.975,91.127,32.39
2026-08-14 07:50:00,91.128,91.321,91.128,91.153,26.32
2026-08-14 07:55:00,91.266,91.347,90.913,91.091,81.77
2026-08-14 08:00:00,91.087,91.349,90.87,90.973,89.08
2026-08-14 08:05:00,91.037,91.22,90.857,91.068,59.35
2026-08-14 08:10:00,91.064,91.38,90.807,91.184,101.96
2026-08-14 08:15:00,91.332,91.332,90.866,91.028,76.52
2026-08-14 08:20:00,91.239,91.301,90.853,91.022,108.54
2026-08-14 08:25:00,91.09,91.278,90.822,91.154,90.11
2026-08-14 08:30:00,91.199,91.385,91.042,91.281,21.25
2026-08-14 08:35:00,91.313,91.376,90.985,91.264,29.35
2026-08-14 08:40:00,91.264,91.265,90.755,91.041,75.9
2026-08-14 08:45:00,91.171,91.294,90.899,91.223,79.75
2026-08-14 08:50:00,91.278,91.367,91.113,91.219,24.89
2026-08-14 08:55:00,91.285,91.423,90.898,91.42,24.44
2026-08-14 09:00:00,91.393,91.55,91.297,91.55,18.4
2026-08-14 09:05:00,91.48,91.603,91.448,91.603,24.74
2026-08-14 09:10:00,91.542,91.594,91.107,91.404,32.62
2026-08-14 09:15:00,91.44,91.441,91.071,91.157,25.7
2026-08-14 09:20:00,91.128,91.354,90.949,91.194,35.78
2026-08-14 09:25:00,91.253,91.365,91.12,91.314,19.95
2026-08-14 09:30:00,91.389,91.522,91.098,91.317,194.2
2026-08-14 09:35:00,91.409,91.409,91.193,91.314,19.55
2026-08-14 09:40:00,91.314,91.325,90.89,91.204,85.38
2026-08-14 09:45:00,91.219,91.35,91.015,91.291,53.08
2026-08-14 09:50:00,91.192,91.35,91.169,91.35,18.21
2026-08-14 09:55:00,91.349,91.35,91.106,91.268,63.03
2026-08-14 10:00:00,91.314,91.35,91.056,91.35,63.35
2026-08-14 10:05:00,91.34,91.35,91.06,91.336,74.26
2026-08-14 10:10:00,91.304,91.35,91.224,91.306,46.06
2026-08-14 10:15:00,91.306,91.35,91.096,91.257,71.86
2026-08-14 10:20:00,91.254,91.35,91.109,91.329,58.55
2026-08-14 10:25:00,91.335,91.35,91.0,91.126,267.19
2026-08-14 10:30:00,91.085,91.262,90.884,90.974,140.33
2026-08-14 10:35:00,91.026,91.069,90.555,90.668,83.23
2026-08-14 10:40:00,90.623,90.712,90.205,90.241,98.14
2026-08-14 10:45:00,90.24,90.38,90.205,90.338,22.67
2026-08-14 10:50:00,90.302,90.875,90.205,90.718,50.12
2026-08-14 10:55:00,90.75,90.838,90.59,90.664,24.86
2026-08-14 11:00:00,90.581,90.587,90.205,90.205,70.55
2026-08-14 11:05:00,90.263,90.317,90.171,90.174,28.89
2026-08-14 11:10:00,90.177,90.554,90.177,90.464,43.75
2026-08-14 11:15:00,90.428,90.652,90.382,90.518,39.39
2026-08-14 11:20:00,90.599,90.69,90.406,90.527,31.58
2026-08-14 11:25:00,90.489,90.7,90.234,90.234,42.58
2026-08-14 11:30:00,90.161,90.542,90.052,90.188,61.92
2026-08-14 11:35:00,90.112,90.523,90.082,90.439,44.99
2026-08-14 11:40:00,90.417,90.545,90.207,90.545,90.81
2026-08-14 11:45:00,90.527,90.6,90.306,90.546,73.35
2026-08-14 11:50:00,90.563,90.676,90.352,90.446,110.58
2026-08-14 11:55:00,90.515,90.671,90.131,90.512,156.49
2026-08-14 12:00:00,90.41,90.599,90.211,90.384,98.54
2026-08-14 12:05:00,90.364,90.531,90.079,90.364,123.09
2026-08-14 12:10:00,90.364,90.596,90.016,90.396,133.76
2026-08-14 12:15:00,90.407,90.576,90.17,90.367,119.94
2026-08-14 12:20:00,90.376,90.665,90.058,90.241,166.0
2026-08-14 12:25:00,90.242,90.651,90.065,90.163,157.66
2026-08-14 12:30:00,90.222,90.692,90.124,90.516,153.87
2026-08-14 12:35:00,90.415,90.837,90.197,90.295,256.75
2026-08-14 12:40:00,90.379,90.747,89.978,90.253,137.5
2026-08-14 12:45:00,90.177,90.582,90.016,90.193,143.0
2026-08-14 12:50:00,90.168,90.485,90.151,90.3,60.9
2026-08-14 12:55:00,90.125,90.327,89.97,90.161,184.97
2026-08-14 13:00:00,90.178,90.326,89.86,89.994,179.35
2026-08-14 13:05:00,89.99,90.199,89.798,89.877,51.32
2026-08-14 13:10:00,89.991,90.0,89.7,89.815,116.5
2026-08-14 13:15:00,89.796,89.911,89.593,89.689,157.17
2026-08-14 13:20:00,89.689,89.69,89.197,89.635,142.72
2026-08-14 13:25:00,89.546,89.672,89.377,89.6,33.44
2026-08-14 13:30:00,89.602,89.855,89.416,89.855,36.97
2026-08-14 13:35:00,89.855,90.0,89.735,90.0,58.05
2026-08-14 13:40:00,90.0,90.333,89.568,89.927,118.98
2026-08-14 13:45:00,89.927,90.09,89.595,89.796,37.91
2026-08-14 13:50:00,89.872,90.195,89.647,90.047,26.24
2026-08-14 13:55:00,90.047,90.319,89.986,90.303,10.1
2026-08-14 14:00:00,90.306,90.484,90.164,90.447,43.76
2026-08-14 14:05:00,90.462,90.57,90.311,90.311,32.69
2026-08-14 14:10:00,90.212,90.463,89.907,90.281,38.96
2026-08-14 14:15:00,90.261,90.47,89.9,90.47,42.6
2026-08-14 14:20:00,90.469,90.69,90.411,90.69,12.43
2026-08-14 14:25:00,90.713,90.791,90.435,90.485,37.76
2026-08-14 14:30:00,90.573,90.956,90.537,90.927,102.04
2026-08-14 14:35:00,90.941,91.333,90.823,91.166,301.66
2026-08-14 14:40:00,91.166,91.348,91.022,91.022,46.55
2026-08-14 14:45:00,91.116,91.352,90.964,91.283,67.2
2026-08-14 14:50:00,91.3,91.431,91.179,91.28,78.93
2026-08-14 14:55:00,91.369,91.45,91.197,91.213,78.91
2026-08-14 15:00:00,91.283,91.482,91.097,91.296,47.35
2026-08-14 15:05:00,91.264,91.496,90.632,90.998,140.59
2026-08-14 15:10:00,90.988,91.128,90.719,90.719,56.2
2026-08-14 15:15:00,90.711,90.853,90.577,90.853,10.12
2026-08-14 15:20:00,90.839,90.923,90.397,90.517,37.4
2026-08-14 15:25:00,90.556,90.583,90.117,90.233,42.31
2026-08-14 15:30:00,90.247,90.281,90.102,90.103,36.91
2026-08-14 15:35:00,90.227,90.569,90.102,90.36,35.93
2026-08-14 15:40:00,90.371,90.466,90.27,90.466,13.12
2026-08-14 15:45:00,90.494,90.832,90.47,90.626,83.42
2026-08-14 15:50:00,90.749,90.9,90.594,90.805,40.65
2026-08-14 15:55:00,90.79,90.832,90.162,90.614,42.0
2026-08-14 16:00:00,90.543,90.625,90.208,90.57,39.28
2026-08-14 16:05:00,90.516,90.741,90.516,90.54,42.87
2026-08-14 16:10:00,90.61,90.667,90.298,90.444,84.18
2026-08-14 16:15:00,90.445,90.495,90.26,90.402,72.12
2026-08-14 16:20:00,90.447,90.591,90.313,90.445,54.94
2026-08-14 16:25:00,90.506,90.568,90.315,90.417,86.0
2026-08-14 16:30:00,90.505,90.619,90.351,90.516,68.76
2026-08-14 16:35:00,90.619,90.649,90.496,90.606,47.78
2026-08-14 16:40:00,90.606,90.65,90.496,90.619,58.99
2026-08-14 16:45:00,90.624,90.969,90.57,90.828,84.58
2026-08-14 16:50:00,90.863,91.456,90.674,91.186,149.56
2026-08-14 16:55:00,91.297,91.616,91.178,91.474,93.96
2026-08-14 17:00:00,91.55,91.943,91.189,91.543,78.55
2026-08-14 17:05:00,91.64,91.995,91.574,91.994,83.52
2026-08-14 17:10:00,91.965,92.332,91.9,92.325,112.65
2026-08-14 17:15:00,92.332,92.626,92.326,92.584,64.17
2026-08-14 17:20:00,92.618,92.65,92.194,92.581,132.97
2026-08-14 17:25:00,92.624,93.0,92.497,92.721,338.3
2026-08-14 17:30:00,92.84,93.0,92.807,92.807,55.42
2026-08-14 17:35:00,92.954,93.0,92.811,92.964,73.61
2026-08-14 17:40:00,92.959,93.0,92.799,92.919,100.03
2026-08-14 17:45:00,92.892,93.0,92.799,92.873,220.46
2026-08-14 17:50:00,92.935,92.981,92.799,92.832,171.82
2026-08-14 17:55:00,92.909,93.044,92.799,92.833,279.37
2026-08-14 18:00:00,92.96,93.018,92.799,92.887,107.6
2026-08-14 18:05:00,92.943,92.985,92.799,92.799,105.58
2026-08-14 18:10:00,92.851,92.94,92.799,92.824,134.11
2026-08-14 18:15:00,92.864,93.028,92.194,92.28,510.54
2026-08-14 18:20:00,92.371,92.688,92.281,92.564,172.02
2026-08-14 18:25:00,92.62,92.886,92.323,92.609,126.75
2026-08-14 18:30:00,92.59,92.744,92.486,92.643,66.16
2026-08-14 18:35:00,92.692,92.807,92.401,92.562,77.74
2026-08-14 18:40:00,92.718,92.718,92.263,92.313,106.52
2026-08-14 18:45:00,92.395,92.415,92.194,92.214,158.56
2026-08-14 18:50:00,92.275,92.471,92.275,92.421,21.44
2026-08-14 18:55:00,92.329,92.591,92.277,92.462,55.67
2026-08-14 19:00:00,92.486,92.805,92.268,92.419,100.67
2026-08-14 19:05:00,92.315,92.95,92.315,92.923,86.91
2026-08-14 19:10:00,92.918,93.027,92.674,92.97,123.3
2026-08-14 19:15:00,92.982,93.186,92.896,92.896,114.54
2026-08-14 19:20:00,92.972,93.135,92.617,92.973,116.49
2026-08-14 19:25:00,93.087,93.201,92.824,93.189,85.86
2026-08-14 19:30:00,93.189,93.332,92.888,93.188,228.03
2026-08-14 19:35:00,93.295,93.312,93.124,93.224,107.79
2026-08-14 19:40:00,93.161,93.3,93.098,93.136,80.22
2026-08-14 19:45:00,93.158,93.3,93.079,93.3,86.42
2026-08-14 19:50:00,93.3,93.438,93.249,93.337,119.05
2026-08-14 19:55:00,93.39,93.438,93.179,93.375,107.83
2026-08-14 20:00:00,93.35,93.5,93.284,93.499,72.62
2026-08-14 20:05:00,93.499,93.5,93.348,93.477,84.09
2026-08-14 20:10:00,93.5,93.6,93.357,93.508,288.69
2026-08-14 20:15:00,93.445,93.6,93.39,93.496,146.33
2026-08-14 20:20:00,93.41,93.6,93.321,93.6,193.55
2026-08-14 20:25:00,93.555,93.6,93.468,93.597,164.58
2026-08-14 20:30:00,93.575,93.875,93.475,93.725,698.11
2026-08-14 20:35:00,93.742,93.875,92.961,93.73,343.79
2026-08-14 20:40:00,93.829,93.834,93.64,93.811,150.09
2026-08-14 20:45:00,93.798,94.146,93.688,94.146,682.63
2026-08-14 20:50:00,94.146,94.25,94.036,94.239,524.11
2026-08-14 20:55:00,94.239,94.248,93.476,93.817,419.09
2026-08-14 21:00:00,93.819,94.0,93.48,93.783,357.31
2026-08-14 21:05:00,93.779,93.932,93.484,93.802,176.83
2026-08-14 21:10:00,93.889,94.13,93.519,93.981,501.51
2026-08-14 21:15:00,93.981,94.08,93.546,93.969,151.71
2026-08-14 21:20:00,94.04,94.182,93.849,94.112,169.04
2026-08-14 21:25:00,94.182,94.241,93.944,94.224,177.01
2026-08-14 21:30:00,94.223,94.236,93.672,93.893,348.48
2026-08-14 21:35:00,94.001,94.231,93.882,94.169,200.94
2026-08-14 21:40:00,94.2,94.23,93.632,93.732,140.23
2026-08-14 21:45:00,93.858,93.981,93.525,93.583,141.55
2026-08-14 21:50:00,93.582,94.0,92.807,93.219,348.31
2026-08-14 21:55:00,93.308,93.483,93.227,93.419,31.48
2026-08-14 22:00:00,93.503,93.875,93.385,93.875,79.02
2026-08-14 22:05:00,93.862,94.14,93.759,93.981,137.34
2026-08-14 22:10:00,93.981,94.424,93.745,94.2,1306.96
2026-08-14 22:15:00,94.242,95.143,94.168,95.006,2924.43
2026-08-14 22:20:00,95.043,95.152,95.0,95.105,450.77
2026-08-14 22:25:00,95.105,95.353,94.789,95.051,742.97
2026-08-14 22:30:00,95.08,95.257,95.053,95.158,99.55
2026-08-14 22:35:00,95.158,95.239,94.789,94.98,217.78
2026-08-14 22:40:00,94.978,95.049,94.693,94.693,93.61
2026-08-14 22:45:00,94.779,94.934,94.709,94.829,178.0
2026-08-14 22:50:00,94.878,94.978,94.658,94.817,388.51
2026-08-14 22:55:00,94.777,94.818,94.579,94.757,321.46
2026-08-14 23:00:00,94.743,94.756,94.263,94.635,327.35
2026-08-14 23:05:00,94.681,94.681,94.569,94.681,107.32
2026-08-14 23:10:00,94.681,94.83,94.381,94.83,107.24
2026-08-14 23:15:00,94.86,95.118,94.803,95.118,109.23
2026-08-14 23:20:00,95.088,95.138,94.655,95.003,178.35
2026-08-14 23:25:00,95.063,95.13,94.869,95.115,96.91
2026-08-14 23:30:00,95.058,95.087,94.852,94.907,86.87
2026-08-14 23:35:00,94.927,94.986,94.508,94.825,177.35
2026-08-14 23:40:00,94.84,94.891,94.322,94.625,63.15
2026-08-14 23:45:00,94.589,94.769,94.48,94.732,87.33
2026-08-14 23:50:00,94.732,94.832,94.651,94.714,67.88
2026-08-14 23:55:00,94.652,94.916,94.504,94.776,101.03
2026-08-15 00:00:00,94.953,95.002,94.541,94.729,130.44
2026-08-15 00:05:00,94.713,95.138,94.472,94.653,480.09
2026-08-15 00:10:00,94.626,94.9,94.403,94.748,447.22
2026-08-15 00:15:00,94.68,95.138,94.615,94.719,882.07
2026-08-15 00:20:00,94.641,94.8,94.576,94.704,202.7
2026-08-15 00:25:00,94.683,94.802,94.263,94.38,317.0
2026-08-15 00:30:00,94.379,94.633,93.105,93.147,2830.22
2026-08-15 00:35:00,93.21,93.376,92.079,92.24,1504.07
2026-08-15 00:40:00,92.129,92.24,91.152,91.288,1537.39
2026-08-15 00:45:00,91.248,91.32,90.415,90.998,1986.56
2026-08-15 00:50:00,91.0,91.0,90.42,90.719,1351.2
2026-08-15 00:55:00,90.651,90.677,89.829,90.024,1723.37
2026-08-15 01:00:00,90.013,91.904,89.614,91.6,1542.85
2026-08-15 01:05:00,91.6,91.64,90.77,90.98,472.91
2026-08-15 01:10:00,90.982,91.483,90.624,90.756,257.06
2026-08-15 01:15:00,90.859,92.148,90.806,92.14,421.84
2026-08-15 01:20:00,92.089,92.139,91.884,92.041,116.86
2026-08-15 01:25:00,92.089,92.1,92.045,92.1,15.18
2026-08-15 01:30:00,92.089,92.423,92.089,92.422,90.3
2026-08-15 01:35:00,92.446,93.08,92.393,92.726,115.57
2026-08-15 01:40:00,92.743,93.334,92.743,93.33,100.45
2026-08-15 01:45:00,93.287,93.331,92.671,92.948,148.66
2026-08-15 01:50:00,92.908,92.908,91.81,92.301,268.8
2026-08-15 01:55:00,92.295,92.806,92.166,92.503,117.71
2026-08-15 02:00:00,92.625,92.944,92.624,92.919,57.73
2026-08-15 02:05:00,92.9,92.922,92.773,92.82,40.52
2026-08-15 02:10:00,92.82,93.355,92.82,93.355,65.82
2026-08-15 02:15:00,93.411,93.888,93.353,93.688,192.63
2026-08-15 02:20:00,93.688,93.872,93.383,93.579,140.12
2026-08-15 02:25:00,93.589,93.778,93.131,93.777,94.8
2026-08-15 02:30:00,93.777,94.496,93.777,94.182,486.98
2026-08-15 02:35:00,94.26,94.487,93.738,94.02,188.87
2026-08-15 02:40:00,94.02,94.161,94.02,94.08,75.59
2026-08-15 02:45:00,94.079,94.265,93.8,94.223,132.52
2026-08-15 02:50:00,94.223,94.42,94.207,94.395,46.81
2026-08-15 02:55:00,94.43,94.499,94.381,94.462,39.5
2026-08-15 03:00:00,94.462,94.5,94.442,94.45,45.82
2026-08-15 03:05:00,94.49,94.491,93.863,94.249,245.4
2026-08-15 03:10:00,94.265,94.348,93.796,93.899,274.24
2026-08-15 03:15:00,93.965,93.966,93.794,93.873,55.2
2026-08-15 03:20:00,93.832,93.915,93.832,93.913,28.78
2026-08-15 03:25:00,93.895,93.916,93.794,93.896,39.34
2026-08-15 03:30:00,93.899,93.905,93.794,93.888,16.12
2026-08-15 03:35:00,93.888,93.903,93.739,93.881,136.67
2026-08-15 03:40:00,93.881,94.151,93.739,94.151,127.51
2026-08-15 03:45:00,94.066,94.221,94.038,94.038,83.48
2026-08-15 03:50:00,94.199,94.225,94.067,94.203,26.29
2026-08-15 03:55:00,94.216,94.218,93.835,94.158,78.14
2026-08-15 04:00:00,94.192,94.193,94.023,94.084,55.01
2026-08-15 04:05:00,94.087,94.214,93.8,94.158,81.05
2026-08-15 04:10:00,94.182,94.224,94.093,94.163,40.27
2026-08-15 04:15:00,94.198,94.199,94.087,94.157,41.02
2026-08-15 04:20:00,94.157,94.159,94.045,94.157,26.32
2026-08-15 04:25:00,94.156,94.189,94.137,94.17,35.29
2026-08-15 04:30:00,94.189,94.435,93.813,94.099,198.35
2026-08-15 04:35:00,94.149,94.281,94.149,94.217,64.78
2026-08-15 04:40:00,94.216,94.229,93.853,94.114,65.53
2026-08-15 04:45:00,94.127,94.371,94.035,94.112,92.0
2026-08-15 04:50:00,94.196,94.199,93.885,94.123,28.15
2026-08-15 04:55:00,94.075,94.263,94.06,94.194,57.66
2026-08-15 05:00:00,94.214,94.313,93.739,94.147,119.48
2026-08-15 05:05:00,94.228,94.298,93.648,93.723,340.9
2026-08-15 05:10:00,93.724,94.159,93.723,93.843,87.33
2026-08-15 05:15:00,93.855,94.147,93.816,94.047,76.12
2026-08-15 05:20:00,94.075,94.249,93.792,93.892,60.31
2026-08-15 05:25:00,93.977,93.977,93.636,93.824,142.99
2026-08-15 05:30:00,93.637,93.964,93.624,93.801,126.56
2026-08-15 05:35:00,93.851,93.87,93.624,93.686,160.94
2026-08-15 05:40:00,93.683,93.785,93.552,93.691,264.5
2026-08-15 05:45:00,93.69,93.901,93.619,93.805,40.75
2026-08-15 05:50:00,93.853,94.012,93.625,93.767,73.26
2026-08-15 05:55:00,93.806,94.124,93.682,94.039,65.85
2026-08-15 06:00:00,94.146,94.508,94.055,94.508,38.0
2026-08-15 06:05:00,94.505,94.505,93.873,93.961,105.72
2026-08-15 06:10:00,93.961,93.964,93.734,93.963,38.87
2026-08-15 06:15:00,93.964,94.51,93.962,94.476,62.52
2026-08-15 06:20:00,94.524,94.561,94.317,94.511,52.89
2026-08-15 06:25:00,94.401,94.646,94.319,94.512,54.2
2026-08-15 06:30:00,94.54,94.674,94.405,94.674,47.4
2026-08-15 06:35:00,94.674,94.758,94.593,94.655,52.75
2026-08-15 06:40:00,94.716,94.827,94.477,94.731,55.86
2026-08-15 06:45:00,94.799,94.873,94.388,94.873,56.9
2026-08-15 06:50:00,94.846,94.886,94.653,94.851,28.93
2026-08-15 06:55:00,94.851,94.98,94.814,94.921,63.24
2026-08-15 07:00:00,94.918,94.98,94.67,94.765,70.16
2026-08-15 07:05:00,94.912,94.98,94.78,94.922,75.19
2026-08-15 07:10:00,94.924,94.98,94.8,94.805,64.52
2026-08-15 07:15:00,94.912,94.98,94.817,94.881,66.01
2026-08-15 07:20:00,94.902,94.98,94.816,94.98,33.66
2026-08-15 07:25:00,94.979,94.979,94.937,94.94,34.0
2026-08-15 07:30:00,94.888,94.956,94.8,94.841,36.79
2026-08-15 07:35:00,94.862,94.883,94.736,94.736,109.03
2026-08-15 07:40:00,94.467,94.791,94.336,94.51,41.32
2026-08-15 07:45:00,94.566,94.757,93.682,93.886,75.68
2026-08-15 07:50:00,93.818,93.856,93.533,93.789,67.81
2026-08-15 07:55:00,93.771,94.197,93.643,94.121,18.1
2026-08-15 08:00:00,94.19,94.39,93.736,94.328,26.19
2026-08-15 08:05:00,94.367,94.444,93.84,94.286,42.89
2026-08-15 08:10:00,94.24,94.557,93.762,93.914,49.47
2026-08-15 08:15:00,93.899,93.9,93.645,93.784,31.5
2026-08-15 08:20:00,93.751,94.138,93.521,94.116,82.26
2026-08-15 08:25:00,94.083,94.441,94.053,94.274,23.88
2026-08-15 08:30:00,94.385,94.42,94.138,94.249,23.5
2026-08-15 08:35:00,94.238,94.375,93.71,94.29,100.42
2026-08-15 08:40:00,94.286,94.52,94.2,94.297,24.58
2026-08-15 08:45:00,94.388,94.401,94.108,94.187,17.91
2026-08-15 08:50:00,94.14,94.237,93.503,93.675,84.41
2026-08-15 08:55:00,93.707,93.871,93.545,93.68,21.55
2026-08-15 09:00:00,93.576,93.7,93.503,93.534,38.12
2026-08-15 09:05:00,93.514,93.755,93.497,93.692,27.86
2026-08-15 09:10:00,93.724,93.724,93.724,93.724,0.13
2026-08-15 09:15:00,93.724,93.764,93.662,93.662,1.95
2026-08-15 09:20:00,93.729,93.729,93.57,93.694,7.64
2026-08-15 09:25:00,93.695,93.733,93.695,93.733,0.26
2026-08-15 09:30:00,93.733,93.733,93.732,93.732,0.26
2026-08-15 09:35:00,93.731,93.731,93.731,93.731,0.13
2026-08-15 09:40:00,93.73,93.73,93.546,93.617,6.2
2026-08-15 09:45:00,93.559,93.732,93.559,93.732,39.43
2026-08-15 09:50:00,93.695,93.732,93.692,93.692,0.47
2026-08-15 09:55:00,93.795,93.88,93.778,93.879,1.93
2026-08-15 10:00:00,93.808,93.811,93.783,93.811,1.26
2026-08-15 10:05:00,93.834,93.987,93.795,93.953,6.63
2026-08-15 10:10:00,93.862,93.903,93.534,93.607,29.56
2026-08-15 10:15:00,93.581,94.089,93.546,93.88,87.44
2026-08-15 10:20:00,93.878,93.88,93.768,93.846,3.69
2026-08-15 10:25:00,93.818,93.818,93.8,93.8,0.26
2026-08-15 10:30:00,93.8,95.0,93.503,93.955,373.93
2026-08-15 10:35:00,93.934,93.934,93.675,93.675,12.26
2026-08-15 10:40:00,93.851,94.016,93.637,93.869,31.7
2026-08-15 10:45:00,93.809,93.811,93.806,93.811,1.58
2026-08-15 10:50:00,93.799,93.799,93.799,93.799,0.32
2026-08-15 10:55:00,93.656,93.797,93.656,93.797,1.38
2026-08-15 11:00:00,93.831,93.831,93.647,93.819,0.8
2026-08-15 11:05:00,93.825,94.687,93.825,94.282,150.34
2026-08-15 11:10:00,94.145,94.398,94.145,94.34,21.78
2026-08-15 11:15:00,94.34,94.359,93.921,93.921,114.97
2026-08-15 11:20:00,94.047,94.047,94.047,94.047,1.19
2026-08-15 11:25:00,94.047,94.047,93.847,93.847,16.02
2026-08-15 11:30:00,93.67,93.82,93.67,93.799,4.12
2026-08-15 11:35:00,93.799,93.799,93.799,93.799,0.13
2026-08-15 11:40:00,93.799,93.799,93.473,93.663,211.42
2026-08-15 11:45:00,93.648,93.696,93.473,93.551,7.07
2026-08-15 11:50:00,93.473,94.5,93.455,93.599,173.64
2026-08-15 11:55:00,93.986,95.0,93.75,94.829,302.42
2026-08-15 12:00:00,94.701,95.744,94.606,95.744,2400.33
2026-08-15 12:05:00,95.744,96.154,95.579,95.804,1403.71
2026-08-15 12:10:00,95.795,95.897,95.6,95.667,104.4
2026-08-15 12:15:00,95.797,95.797,95.601,95.75,16.25
2026-08-15 12:20:00,95.63,95.854,95.6,95.639,73.94
2026-08-15 12:25:00,95.639,95.892,95.6,95.69,64.71
2026-08-15 12:30:00,95.64,95.71,95.6,95.625,2.31
2026-08-15 12:35:00,95.611,95.726,95.6,95.703,14.57
2026-08-15 12:40:00,95.6,95.652,95.5,95.5,305.58
2026-08-15 12:45:00,95.5,95.578,95.177,95.185,17.42
2026-08-15 12:50:00,95.186,95.41,95.186,95.41,9.13
2026-08-15 12:55:00,95.373,95.486,95.366,95.366,14.25
2026-08-15 13:00:00,95.267,95.283,95.036,95.036,31.96
2026-08-15 13:05:00,95.103,95.368,95.036,95.109,42.1
2026-08-15 13:10:00,95.058,95.113,94.929,94.929,24.81
2026-08-15 13:15:00,94.928,94.929,94.673,94.68,50.06
2026-08-15 13:20:00,94.793,94.863,94.651,94.863,51.07
2026-08-15 13:25:00,94.781,94.9,94.651,94.732,51.15
2026-08-15 13:30:00,94.744,94.9,94.671,94.899,40.17
2026-08-15 13:35:00,94.808,94.9,94.787,94.88,15.06
2026-08-15 13:40:00,94.88,94.88,94.787,94.788,7.38
2026-08-15 13:45:00,94.88,94.9,94.56,94.578,60.67
2026-08-15 13:50:00,94.606,94.698,94.501,94.548,2.24
2026-08-15 13:55:00,94.583,94.807,94.549,94.652,3.65
2026-08-15 14:00:00,94.66,94.789,94.605,94.693,10.5
2026-08-15 14:05:00,94.817,94.86,94.608,94.86,7.92
2026-08-15 14:10:00,94.705,94.788,94.537,94.555,21.86
2026-08-15 14:15:00,94.667,94.706,94.1,94.297,136.36
2026-08-15 14:20:00,94.316,94.363,94.005,94.283,26.23
2026-08-15 14:25:00,94.192,94.391,93.788,94.16,85.28
2026-08-15 14:30:00,94.124,94.314,94.124,94.298,7.88
2026-08-15 14:35:00,94.233,94.352,94.0,94.184,76.84
2026-08-15 14:40:00,94.189,94.282,94.069,94.208,9.32
2026-08-15 14:45:00,94.155,94.303,94.084,94.249,4.62
2026-08-15 14:50:00,94.133,94.237,93.918,94.056,39.09
2026-08-15 14:55:00,94.049,94.201,93.908,94.183,23.11
2026-08-15 15:00:00,94.187,94.739,94.148,94.277,49.86
2026-08-15 15:05:00,94.374,94.541,94.251,94.494,11.09
2026-08-15 15:10:00,94.483,94.569,94.483,94.538,3.88
2026-08-15 15:15:00,94.538,94.698,94.538,94.608,6.66
2026-08-15 15:20:00,94.582,94.727,94.559,94.727,7.81
2026-08-15 15:25:00,94.727,94.759,93.92,94.159,178.1
2026-08-15 15:30:00,94.159,94.16,94.056,94.056,5.05
2026-08-15 15:35:00,94.058,94.39,94.054,94.299,17.34
2026-08-15 15:40:00,94.3,94.428,94.031,94.33,19.59
2026-08-15 15:45:00,94.413,94.419,93.899,94.055,23.16
2026-08-15 15:50:00,93.95,94.288,93.75,93.75,88.29
2026-08-15 15:55:00,93.869,93.901,93.747,93.891,7.32
2026-08-15 16:00:00,93.887,94.122,93.851,94.08,27.49
2026-08-15 16:05:00,94.163,94.367,94.06,94.06,1.85
2026-08-15 16:10:00,94.253,94.253,93.867,93.988,16.22
2026-08-15 16:15:00,93.967,93.976,93.867,93.922,8.45
2026-08-15 16:20:00,93.868,93.999,93.867,93.983,4.0
2026-08-15 16:25:00,94.048,94.048,93.867,94.009,1.44
2026-08-15 16:30:00,93.964,94.008,93.952,93.97,1.06
2026-08-15 16:35:00,93.98,94.058,93.912,93.952,4.21
2026-08-15 16:40:00,93.913,93.928,93.867,93.894,15.72
2026-08-15 16:45:00,93.894,93.894,93.64,93.881,69.94
2026-08-15 16:50:00,93.894,93.894,93.545,93.577,29.03
2026-08-15 16:55:00,93.728,93.88,93.545,93.673,16.91
2026-08-15 17:00:00,93.694,93.831,93.455,93.753,50.61
2026-08-15 17:05:00,93.753,93.833,93.418,93.636,137.56
2026-08-15 17:10:00,93.635,93.635,93.551,93.635,4.17
2026-08-15 17:15:00,93.636,93.636,93.635,93.635,1.04
2026-08-15 17:20:00,93.636,93.636,93.412,93.608,10.07
2026-08-15 17:25:00,93.608,93.64,93.608,93.639,1.51
2026-08-15 17:30:00,93.64,93.745,93.639,93.745,6.98
2026-08-15 17:35:00,93.779,94.031,93.756,93.871,18.03
2026-08-15 17:40:00,93.888,94.032,93.852,93.876,10.65
2026-08-15 17:45:00,93.952,93.969,93.786,93.786,1.59
2026-08-15 17:50:00,93.794,94.119,93.794,94.119,8.15
2026-08-15 17:55:00,94.12,94.172,94.011,94.011,5.09
2026-08-15 18:00:00,94.002,94.188,93.834,94.116,17.37
2026-08-15 18:05:00,94.07,94.183,94.022,94.022,7.61
2026-08-15 18:10:00,93.888,94.188,93.809,94.047,13.36
2026-08-15 18:15:00,93.865,94.146,93.762,93.988,23.21
2026-08-15 18:20:00,93.987,94.058,93.779,93.96,10.21
2026-08-15 18:25:00,93.979,94.316,93.684,93.987,84.98
2026-08-15 18:30:00,93.938,94.101,93.734,93.942,23.51
2026-08-15 18:35:00,94.064,94.077,93.656,93.872,22.43
2026-08-15 18:40:00,93.868,93.917,93.619,93.763,24.87
2026-08-15 18:45:00,93.798,93.864,93.565,93.685,25.53
2026-08-15 18:50:00,93.688,94.013,93.688,93.891,10.37
2026-08-15 18:55:00,93.932,94.06,93.73,93.799,24.02
2026-08-15 19:00:00,93.779,93.972,93.652,93.732,20.07
2026-08-15 19:05:00,93.727,93.741,93.5,93.644,18.38
2026-08-15 19:10:00,93.6,94.088,93.5,93.956,53.77
2026-08-15 19:15:00,93.943,93.943,93.5,93.872,36.38
2026-08-15 19:20:00,93.873,94.036,93.846,93.946,20.81
2026-08-15 19:25:00,93.946,94.091,93.785,93.946,22.03
2026-08-15 19:30:00,93.947,94.031,93.517,93.615,26.0
2026-08-15 19:35:00,93.614,93.738,93.5,93.638,20.79
2026-08-15 19:40:00,93.551,94.01,93.524,93.979,48.08
2026-08-15 19:45:00,93.979,93.979,93.698,93.856,30.24
2026-08-15 19:50:00,93.894,93.998,93.679,93.882,26.17
2026-08-15 19:55:00,93.999,94.0,93.58,93.746,53.64
2026-08-15 20:00:00,93.718,93.791,93.5,93.723,39.16
2026-08-15 20:05:00,93.737,94.0,93.624,93.997,55.41
2026-08-15 20:10:00,93.994,94.0,93.975,93.998,8.28
2026-08-15 20:15:00,93.999,94.249,93.891,94.135,35.13
2026-08-15 20:20:00,94.05,94.188,93.963,94.042,13.72
2026-08-15 20:25:00,94.093,94.093,93.909,94.027,5.76
2026-08-15 20:30:00,94.001,94.074,93.9,93.97,11.27
2026-08-15 20:35:00,94.078,94.2,93.698,93.876,69.72
2026-08-15 20:40:00,93.822,93.829,93.701,93.701,9.39
2026-08-15 20:45:00,93.796,94.163,93.701,93.837,48.37
2026-08-15 20:50:00,93.838,93.958,93.666,93.834,16.74
2026-08-15 20:55:00,93.842,93.887,93.71,93.887,7.23
2026-08-15 21:00:00,93.886,93.888,93.747,93.823,14.09
2026-08-15 21:05:00,93.82,93.888,93.801,93.888,4.65
2026-08-15 21:10:00,93.887,94.076,93.862,93.935,15.0
2026-08-15 21:15:00,94.011,94.126,93.974,94.091,4.54
2026-08-15 21:20:00,94.086,94.121,93.888,94.081,24.91
2026-08-15 21:25:00,94.081,94.148,93.938,94.012,11.68
2026-08-15 21:30:00,93.996,94.075,93.693,93.977,27.32
2026-08-15 21:35:00,93.894,93.969,93.693,93.887,6.37
2026-08-15 21:40:00,93.862,93.933,93.741,93.933,5.01
2026-08-15 21:45:00,93.943,94.2,93.9,94.122,24.14
2026-08-15 21:50:00,94.161,94.199,94.0,94.101,14.38
2026-08-15 21:55:00,94.153,94.183,94.0,94.113,7.02
2026-08-15 22:00:00,94.084,94.618,93.909,94.474,119.56
2026-08-15 22:05:00,94.526,94.87,94.317,94.716,77.86
2026-08-15 22:10:00,94.619,94.659,94.505,94.594,15.53
2026-08-15 22:15:00,94.593,94.745,94.593,94.711,8.73
2026-08-15 22:20:00,94.768,94.769,94.319,94.673,55.88
2026-08-15 22:25:00,94.698,94.775,94.317,94.533,27.85
2026-08-15 22:30:00,94.509,94.6,94.488,94.557,11.83
2026-08-15 22:35:00,94.6,94.9,94.557,94.622,74.11
2026-08-15 22:40:00,94.647,94.9,94.55,94.886,40.12
2026-08-15 22:45:00,94.886,94.886,94.428,94.477,41.01
2026-08-15 22:50:00,94.476,94.477,94.0,94.249,45.21
2026-08-15 22:55:00,94.35,94.541,94.279,94.494,15.35
2026-08-15 23:00:00,94.481,94.497,94.418,94.497,5.4
2026-08-15 23:05:00,94.497,94.664,94.37,94.525,30.7
2026-08-15 23:10:00,94.441,94.541,94.441,94.541,5.43
2026-08-15 23:15:00,94.541,94.623,94.354,94.354,12.61
2026-08-15 23:20:00,94.452,94.6,94.31,94.486,10.78
2026-08-15 23:25:00,94.447,94.572,94.317,94.53,10.88
2026-08-15 23:30:00,94.45,94.557,94.17,94.294,26.3
2026-08-15 23:35:00,94.352,94.447,94.171,94.383,11.58
2026-08-15 23:40:00,94.4,94.4,94.17,94.171,11.69
2026-08-15 23:45:00,94.259,94.311,94.0,94.108,67.74
2026-08-15 23:50:00,94.175,94.224,94.166,94.199,8.82
2026-08-15 23:55:00,94.199,94.2,94.079,94.172,9.51
2026-08-16 00:00:00,94.192,94.4,94.131,94.265,28.51
2026-08-16 00:05:00,94.35,94.4,94.254,94.284,9.97
2026-08-16 00:10:00,94.35,94.4,94.211,94.274,9.14
2026-08-16 00:15:00,94.262,94.396,94.12,94.172,15.88
2026-08-16 00:20:00,94.224,94.253,94.066,94.067,19.83
2026-08-16 00:25:00,94.133,94.169,93.985,94.081,35.86
2026-08-16 00:30:00,94.004,94.135,93.994,94.099,4.5
2026-08-16 00:35:00,94.099,94.099,93.97,94.059,38.91
2026-08-16 00:40:00,94.049,94.068,93.939,94.025,24.8
2026-08-16 00:45:00,94.025,94.042,93.938,94.001,33.82
2026-08-16 00:50:00,94.022,94.022,93.96,94.011,7.76
2026-08-16 00:55:00,94.011,94.012,93.971,94.012,7.99
2026-08-16 01:00:00,94.012,94.012,93.894,93.972,110.27
2026-08-16 01:05:00,93.972,94.022,93.938,94.022,11.22
2026-08-16 01:10:00,94.022,94.028,93.994,94.007,73.48
2026-08-16 01:15:00,94.007,94.028,93.994,94.028,4.45
2026-08-16 01:20:00,94.028,94.028,93.994,94.028,12.49
2026-08-16 01:25:00,94.028,94.131,93.994,94.059,21.4
2026-08-16 01:30:00,94.059,94.1,94.017,94.084,7.93
2026-08-16 01:35:00,94.126,94.183,94.029,94.108,8.46
2026-08-16 01:40:00,94.104,94.179,93.994,94.053,14.61
2026-08-16 01:45:00,94.053,94.053,94.014,94.053,9.48
2026-08-16 01:50:00,94.053,94.394,94.029,94.16,23.58
2026-08-16 01:55:00,94.183,94.316,94.161,94.223,11.2
2026-08-16 02:00:00,94.223,94.5,94.166,94.423,40.79
2026-08-16 02:05:00,94.391,94.5,94.212,94.318,29.12
2026-08-16 02:10:00,94.35,94.5,94.198,94.398,15.87
2026-08-16 02:15:00,94.426,94.48,94.23,94.294,8.45
2026-08-16 02:20:00,94.294,94.5,94.05,94.256,27.45
2026-08-16 02:25:00,94.214,94.413,94.122,94.295,7.97
2026-08-16 02:30:00,94.407,94.412,94.034,94.118,19.79
2026-08-16 02:35:00,94.115,94.239,94.051,94.188,7.58
2026-08-16 02:40:00,94.188,94.535,94.114,94.252,28.05
2026-08-16 02:45:00,94.356,94.535,94.134,94.213,34.54
2026-08-16 02:50:00,94.229,94.484,93.994,94.197,37.42
2026-08-16 02:55:00,94.076,94.336,94.076,94.336,7.77
2026-08-16 03:00:00,94.327,94.534,94.296,94.362,30.79
2026-08-16 03:05:00,94.314,94.534,94.215,94.336,38.58
2026-08-16 03:10:00,94.38,94.436,94.3,94.363,19.42
2026-08-16 03:15:00,94.34,94.535,94.3,94.325,64.05
2026-08-16 03:20:00,94.325,94.535,94.3,94.457,51.62
2026-08-16 03:25:00,94.504,94.535,94.416,94.535,20.6
2026-08-16 03:30:00,94.535,94.535,94.443,94.534,11.13
2026-08-16 03:35:00,94.534,94.535,94.44,94.534,14.09
2026-08-16 03:40:00,94.534,94.535,94.469,94.535,10.85
2026-08-16 03:45:00,94.535,94.535,94.47,94.535,11.28
2026-08-16 03:50:00,94.535,94.535,94.46,94.535,10.59
2026-08-16 03:55:00,94.535,94.535,94.454,94.535,9.34
2026-08-16 04:00:00,94.535,94.535,94.454,94.535,9.41
2026-08-16 04:05:00,94.535,94.535,94.451,94.535,10.84
2026-08-16 04:10:00,94.535,94.535,94.451,94.535,12.35
2026-08-16 04:15:00,94.535,94.535,94.456,94.535,10.3
2026-08-16 04:20:00,94.535,94.535,94.356,94.535,45.19
2026-08-16 04:25:00,94.533,94.535,94.195,94.397,53.95
2026-08-16 04:30:00,94.393,94.463,94.251,94.3,23.71
2026-08-16 04:35:00,94.289,94.515,94.226,94.354,16.51
2026-08-16 04:40:00,94.354,94.509,94.276,94.509,13.44
2026-08-16 04:45:00,94.503,94.535,94.354,94.486,13.03
2026-08-16 04:50:00,94.493,94.535,94.37,94.413,13.66
2026-08-16 04:55:00,94.477,94.535,94.195,94.38,24.73
2026-08-16 05:00:00,94.409,94.534,94.23,94.287,22.46
2026-08-16 05:05:00,94.323,94.535,94.258,94.38,19.63
2026-08-16 05:10:00,94.438,94.535,94.394,94.527,11.1
2026-08-16 05:15:00,94.52,94.535,94.379,94.446,18.32
2026-08-16 05:20:00,94.496,94.535,94.468,94.535,11.31
2026-08-16 05:25:00,94.535,94.535,94.489,94.503,15.41
2026-08-16 05:30:00,94.53,94.535,94.44,94.535,10.4
2026-08-16 05:35:00,94.535,94.535,94.448,94.515,9.5
2026-08-16 05:40:00,94.515,94.515,94.453,94.515,18.16
2026-08-16 05:45:00,94.515,94.515,94.461,94.515,12.57
2026-08-16 05:50:00,94.515,94.515,93.994,94.059,61.79
2026-08-16 05:55:00,94.066,94.09,93.994,94.071,17.19
2026-08-16 06:00:00,94.045,94.285,93.896,94.178,38.53
2026-08-16 06:05:00,94.141,94.207,94.052,94.207,8.9
2026-08-16 06:10:00,94.206,94.385,94.024,94.385,12.31
2026-08-16 06:15:00,94.385,94.509,94.164,94.324,28.24
2026-08-16 06:20:00,94.324,94.325,94.123,94.323,13.09
2026-08-16 06:25:00,94.35,94.504,94.213,94.477,13.41
2026-08-16 06:30:00,94.477,94.504,94.206,94.277,19.53
2026-08-16 06:35:00,94.411,94.515,94.285,94.515,39.52
2026-08-16 06:40:00,94.515,94.515,94.222,94.437,26.37
2026-08-16 06:45:00,94.433,94.515,94.305,94.5,9.8
2026-08-16 06:50:00,94.5,94.5,94.383,94.417,11.85
2026-08-16 06:55:00,94.489,94.515,94.428,94.515,11.27
2026-08-16 07:00:00,94.515,94.515,94.422,94.515,10.95
2026-08-16 07:05:00,94.515,94.535,94.437,94.535,10.51
2026-08-16 07:10:00,94.535,94.699,94.485,94.698,241.12
2026-08-16 07:15:00,94.698,94.699,94.697,94.699,10.4
2026-08-16 07:20:00,94.699,94.699,94.608,94.699,11.43
2026-08-16 07:25:00,94.699,94.818,94.502,94.502,32.67
2026-08-16 07:30:00,94.811,94.844,94.564,94.711,14.65
2026-08-16 07:35:00,94.709,95.0,94.629,94.826,33.44
2026-08-16 07:40:00,94.827,94.947,94.599,94.855,30.32
2026-08-16 07:45:00,94.879,95.188,94.738,95.088,143.47
2026-08-16 07:50:00,95.088,95.088,94.928,95.088,15.8
2026-08-16 07:55:00,95.029,95.152,95.013,95.07,10.67
2026-08-16 08:00:00,95.03,95.096,94.9,95.029,16.59
2026-08-16 08:05:00,95.028,95.14,94.9,95.038,8.5
2026-08-16 08:10:00,95.074,95.181,94.9,95.044,27.49
2026-08-16 08:15:00,95.048,95.185,95.048,95.185,4.81
2026-08-16 08:20:00,95.187,95.187,94.928,95.029,7.81
2026-08-16 08:25:00,95.038,95.5,94.422,94.983,544.57
2026-08-16 08:30:00,94.917,94.984,93.818,93.926,572.58
2026-08-16 08:35:00,93.925,93.999,93.682,93.786,358.67
2026-08-16 08:40:00,93.774,93.788,93.364,93.364,523.39
2026-08-16 08:45:00,93.488,93.664,93.36,93.501,76.97
2026-08-16 08:50:00,93.511,93.716,93.36,93.549,38.47
2026-08-16 08:55:00,93.548,93.549,93.39,93.431,12.36
2026-08-16 09:00:00,93.44,93.58,93.358,93.409,32.24
2026-08-16 09:05:00,93.381,93.73,93.348,93.353,182.97
2026-08-16 09:10:00,93.354,93.36,93.333,93.36,37.36
2026-08-16 09:15:00,93.333,93.481,93.21,93.345,220.1
2026-08-16 09:20:00,93.345,93.454,93.313,93.453,7.36
2026-08-16 09:25:00,93.46,93.525,93.221,93.416,23.01
2026-08-16 09:30:00,93.396,93.617,93.374,93.583,6.37
2026-08-16 09:35:00,93.582,93.984,93.462,93.558,90.52
2026-08-16 09:40:00,93.611,93.66,93.4,93.5,44.18
2026-08-16 09:45:00,93.472,93.576,93.4,93.538,20.96
2026-08-16 09:50:00,93.581,93.769,93.4,93.725,27.73
2026-08-16 09:55:00,93.76,94.455,93.733,94.388,48.06
2026-08-16 10:00:00,94.551,94.551,94.328,94.474,11.9
2026-08-16 10:05:00,94.444,94.483,94.127,94.272,14.08
2026-08-16 10:10:00,94.272,94.362,93.975,94.317,30.32
2026-08-16 10:15:00,94.238,94.335,93.958,94.251,15.66
2026-08-16 10:20:00,94.343,94.343,94.065,94.248,21.33
2026-08-16 10:25:00,94.216,94.363,94.203,94.363,15.0
2026-08-16 10:30:00,94.363,94.363,94.201,94.221,15.49
2026-08-16 10:35:00,94.28,94.362,94.16,94.27,17.94
2026-08-16 10:40:00,94.362,94.424,94.299,94.424,68.53
2026-08-16 10:45:00,94.424,94.486,94.332,94.475,19.93
2026-08-16 10:50:00,94.628,94.873,94.599,94.812,25.47
2026-08-16 10:55:00,94.807,95.144,94.631,94.908,91.76
2026-08-16 11:00:00,95.017,95.017,94.509,94.509,63.17
2026-08-16 11:05:00,94.482,94.876,94.318,94.592,96.46
2026-08-16 11:10:00,94.593,94.723,94.255,94.278,45.56
2026-08-16 11:15:00,94.307,94.724,94.091,94.303,68.71
2026-08-16 11:20:00,94.303,94.67,94.303,94.588,20.22
2026-08-16 11:25:00,94.588,94.714,94.365,94.713,21.05
2026-08-16 11:30:00,94.714,94.722,94.314,94.327,23.54
2026-08-16 11:35:00,94.259,94.259,94.06,94.061,53.39
2026-08-16 11:40:00,94.122,94.314,94.06,94.215,25.29
2026-08-16 11:45:00,94.294,94.724,94.143,94.641,39.17
2026-08-16 11:50:00,94.639,94.723,94.54,94.564,35.06
2026-08-16 11:55:00,94.622,94.692,94.41,94.607,27.64
2026-08-16 12:00:00,94.581,94.724,94.447,94.693,18.92
2026-08-16 12:05:00,94.693,94.721,94.595,94.605,23.04
2026-08-16 12:10:00,94.593,94.68,94.361,94.642,34.63
2026-08-16 12:15:00,94.577,94.635,94.422,94.593,20.12
2026-08-16 12:20:00,94.54,94.667,94.465,94.605,25.11
2026-08-16 12:25:00,94.605,94.614,94.2,94.47,27.36
2026-08-16 12:30:00,94.454,94.5,94.286,94.5,11.45
2026-08-16 12:35:00,94.5,94.5,94.359,94.5,17.81
2026-08-16 12:40:00,94.5,94.655,94.252,94.295,54.11
2026-08-16 12:45:00,94.331,94.429,94.212,94.317,25.04
2026-08-16 12:50:00,94.339,94.491,94.233,94.379,21.77
2026-08-16 12:55:00,94.379,94.557,94.3,94.513,18.37
2026-08-16 13:00:00,94.481,94.541,94.306,94.48,21.37
2026-08-16 13:05:00,94.48,94.48,94.2,94.296,15.55
2026-08-16 13:10:00,94.247,94.372,94.149,94.289,41.29
2026-08-16 13:15:00,94.289,94.337,94.06,94.276,43.47
2026-08-16 13:20:00,94.24,94.381,94.227,94.367,19.55
2026-08-16 13:25:00,94.366,94.413,94.255,94.397,26.21
2026-08-16 13:30:00,94.396,94.396,94.06,94.066,29.36
2026-08-16 13:35:00,94.152,94.274,94.06,94.194,38.96
2026-08-16 13:40:00,94.167,94.361,94.075,94.328,13.06
2026-08-16 13:45:00,94.335,94.39,94.18,94.261,12.69
2026-08-16 13:50:00,94.281,94.299,94.212,94.242,16.18
2026-08-16 13:55:00,94.297,94.425,94.239,94.416,21.71
2026-08-16 14:00:00,94.415,94.415,94.158,94.315,21.36
2026-08-16 14:05:00,94.272,94.527,94.115,94.351,39.07
2026-08-16 14:10:00,94.284,94.285,94.086,94.19,25.69
2026-08-16 14:15:00,94.189,94.19,94.06,94.11,10.73
2026-08-16 14:20:00,94.11,94.11,94.06,94.06,79.73
2026-08-16 14:25:00,94.11,94.185,94.06,94.172,29.32
2026-08-16 14:30:00,94.134,94.185,94.045,94.185,19.99
2026-08-16 14:35:00,94.185,94.185,93.915,94.058,112.1
2026-08-16 14:40:00,94.066,94.17,93.6,94.052,88.91
2026-08-16 14:45:00,94.053,94.053,93.742,93.89,27.69
2026-08-16 14:50:00,93.816,94.176,93.628,94.176,106.98
2026-08-16 14:55:00,94.185,94.341,94.103,94.341,9.24
2026-08-16 15:00:00,94.34,94.341,94.027,94.281,16.42
2026-08-16 15:05:00,94.282,94.713,94.259,94.659,126.96
2026-08-16 15:10:00,94.66,94.699,94.482,94.604,35.66
2026-08-16 15:15:00,94.604,94.65,94.45,94.512,9.81
2026-08-16 15:20:00,94.513,94.969,94.401,94.619,62.6
2026-08-16 15:25:00,94.622,94.622,94.307,94.52,43.8
2026-08-16 15:30:00,94.518,94.522,94.438,94.521,6.63
2026-08-16 15:35:00,94.521,94.876,94.406,94.436,73.5
2026-08-16 15:40:00,94.421,94.452,94.184,94.184,27.91
2026-08-16 15:45:00,94.302,94.302,93.64,93.725,65.3
2026-08-16 15:50:00,93.727,93.943,93.555,93.894,26.09
2026-08-16 15:55:00,93.873,94.149,93.873,94.149,11.82
2026-08-16 16:00:00,94.167,94.188,94.0,94.001,19.98
2026-08-16 16:05:00,94.052,94.17,94.0,94.049,18.13
2026-08-16 16:10:00,94.127,94.143,93.79,93.808,29.32
2026-08-16 16:15:00,93.796,94.134,93.796,93.862,19.64
2026-08-16 16:20:00,93.992,94.089,93.801,93.96,17.63
2026-08-16 16:25:00,93.959,93.96,93.854,93.959,8.05
2026-08-16 16:30:00,93.947,93.961,93.849,93.899,10.62
2026-08-16 16:35:00,93.899,93.961,93.8,93.961,14.3
2026-08-16 16:40:00,93.96,94.159,93.795,94.078,17.2
2026-08-16 16:45:00,94.116,94.247,93.712,94.082,45.1
2026-08-16 16:50:00,94.102,94.215,93.997,94.142,9.86
2026-08-16 16:55:00,94.178,94.34,94.049,94.275,11.3
2026-08-16 17:00:00,94.258,94.425,94.134,94.187,15.95
2026-08-16 17:05:00,94.129,94.37,94.116,94.235,17.45
2026-08-16 17:10:00,94.298,94.337,93.866,93.956,26.23
2026-08-16 17:15:00,93.967,94.094,93.871,94.007,8.79
2026-08-16 17:20:00,94.005,94.315,94.005,94.261,10.97
2026-08-16 17:25:00,94.295,94.477,94.236,94.42,10.19
2026-08-16 17:30:00,94.367,94.45,94.214,94.242,20.54
2026-08-16 17:35:00,94.339,94.579,94.074,94.579,27.29
2026-08-16 17:40:00,94.495,94.495,94.178,94.424,34.99
2026-08-16 17:45:00,94.424,94.542,94.254,94.427,11.14
2026-08-16 17:50:00,94.43,94.748,94.427,94.699,19.4
2026-08-16 17:55:00,94.7,94.722,94.578,94.641,14.25
2026-08-16 18:00:00,94.61,94.749,94.197,94.197,18.7
2026-08-16 18:05:00,94.301,94.67,94.255,94.397,21.18
2026-08-16 18:10:00,94.537,94.6,94.36,94.6,11.93
2026-08-16 18:15:00,94.6,94.6,94.324,94.527,21.41
2026-08-16 18:20:00,94.526,94.526,94.214,94.475,14.73
2026-08-16 18:25:00,94.487,94.488,94.128,94.248,16.65
2026-08-16 18:30:00,94.258,94.347,94.12,94.28,13.32
2026-08-16 18:35:00,94.275,94.3,94.275,94.3,10.18
2026-08-16 18:40:00,94.282,94.3,94.124,94.156,20.32
2026-08-16 18:45:00,94.155,94.206,94.05,94.182,21.32
2026-08-16 18:50:00,94.18,94.223,94.067,94.191,12.07
2026-08-16 18:55:00,94.191,94.3,94.065,94.078,18.95
2026-08-16 19:00:00,94.062,94.3,94.02,94.28,31.92
2026-08-16 19:05:00,94.266,94.278,94.266,94.277,4.7
2026-08-16 19:10:00,94.277,94.3,94.232,94.3,3.21
2026-08-16 19:15:00,94.3,94.3,94.197,94.283,4.18
2026-08-16 19:20:00,94.299,94.3,94.176,94.279,14.18
2026-08-16 19:25:00,94.278,94.29,93.0,93.658,408.77
2026-08-16 19:30:00,93.653,94.011,93.0,93.739,327.13
2026-08-16 19:35:00,93.733,93.882,93.093,93.521,132.8
2026-08-16 19:40:00,93.597,93.598,93.395,93.488,15.34
2026-08-16 19:45:00,93.488,93.558,93.4,93.533,16.42
2026-08-16 19:50:00,93.532,93.533,93.127,93.324,62.23
2026-08-16 19:55:00,93.323,93.522,93.245,93.475,26.94
2026-08-16 20:00:00,93.471,93.852,93.317,93.421,93.19
2026-08-16 20:05:00,93.492,93.796,93.373,93.56,64.69
2026-08-16 20:10:00,93.559,93.764,93.379,93.671,44.87
2026-08-16 20:15:00,93.659,93.761,93.364,93.525,50.68
2026-08-16 20:20:00,93.497,93.651,93.291,93.339,102.09
2026-08-16 20:25:00,93.33,93.339,93.111,93.147,113.53
2026-08-16 20:30:00,93.147,93.339,93.001,93.318,146.56
2026-08-16 20:35:00,93.17,93.725,93.115,93.722,105.94
2026-08-16 20:40:00,93.611,93.765,93.578,93.75,43.19
2026-08-16 20:45:00,93.75,94.035,93.51,93.562,94.68
2026-08-16 20:50:00,93.589,93.653,93.0,93.568,210.42
2026-08-16 20:55:00,93.597,93.598,93.303,93.486,15.27
2026-08-16 21:00:00,93.486,93.487,93.21,93.285,11.7
2026-08-16 21:05:00,93.341,93.378,93.341,93.378,5.85
2026-08-16 21:10:00,93.378,93.67,93.359,93.47,14.9
2026-08-16 21:15:00,93.47,93.722,93.47,93.611,19.27
2026-08-16 21:20:00,93.765,93.765,93.0,93.271,701.41
2026-08-16 21:25:00,93.27,93.449,93.06,93.44,40.46
2026-08-16 21:30:00,93.438,93.569,93.316,93.462,24.05
2026-08-16 21:35:00,93.542,93.542,93.326,93.437,31.99
2026-08-16 21:40:00,93.493,93.637,93.092,93.4,1076.14
2026-08-16 21:45:00,93.484,94.922,93.484,94.34,623.82
2026-08-16 21:50:00,94.425,94.9,94.113,94.388,130.64
2026-08-16 21:55:00,94.367,94.367,93.883,94.207,56.59
2026-08-16 22:00:00,94.282,94.338,93.982,94.171,40.72
2026-08-16 22:05:00,94.243,94.243,93.854,94.042,37.66
2026-08-16 22:10:00,94.04,94.282,93.858,93.948,60.6
2026-08-16 22:15:00,93.978,94.207,93.903,94.207,16.78
2026-08-16 22:20:00,94.18,94.233,93.993,94.18,31.48
2026-08-16 22:25:00,94.184,94.33,93.991,94.111,20.64
2026-08-16 22:30:00,94.057,94.811,94.05,94.118,74.4
2026-08-16 22:35:00,94.122,94.575,94.122,94.297,36.03
2026-08-16 22:40:00,94.344,94.447,94.166,94.413,6.37
2026-08-16 22:45:00,94.48,94.549,94.304,94.404,13.96
2026-08-16 22:50:00,94.349,94.44,93.971,94.227,168.41
2026-08-16 22:55:00,94.212,94.441,94.2,94.384,188.52
2026-08-16 23:00:00,94.395,94.551,94.222,94.394,115.38
2026-08-16 23:05:00,94.382,94.429,93.883,94.152,222.12
2026-08-16 23:10:00,94.16,94.517,93.965,94.316,79.45
2026-08-16 23:15:00,94.409,94.409,93.871,94.048,63.54
2026-08-16 23:20:00,94.014,94.86,93.77,93.882,256.72
2026-08-16 23:25:00,94.049,94.144,93.855,94.021,47.54
2026-08-16 23:30:00,94.021,94.1,93.995,94.033,4.3
2026-08-16 23:35:00,94.031,94.228,93.992,94.109,10.37
2026-08-16 23:40:00,94.116,94.296,94.006,94.288,6.3
2026-08-16 23:45:00,94.282,94.403,94.07,94.329,26.86
2026-08-16 23:50:00,94.302,94.412,94.17,94.315,5.26
2026-08-16 23:55:00,94.347,94.449,94.225,94.331,17.38
2026-08-17 00:00:00,94.186,94.294,94.111,94.223,3.67
2026-08-17 00:05:00,94.231,94.354,94.094,94.175,23.25
2026-08-17 00:10:00,94.261,94.346,94.108,94.174,15.0
2026-08-17 00:15:00,94.212,94.212,93.988,94.106,23.62
2026-08-17 00:20:00,94.106,94.157,94.054,94.157,6.52
2026-08-17 00:25:00,94.157,94.157,94.039,94.156,0.92
2026-08-17 00:30:00,94.156,94.157,94.016,94.157,5.42
2026-08-17 00:35:00,94.061,94.157,94.015,94.132,1.78
2026-08-17 00:40:00,94.133,94.157,94.022,94.1,7.08
2026-08-17 00:45:00,94.085,94.1,93.956,94.009,5.06
2026-08-17 00:50:00,94.1,94.1,93.985,94.022,20.78
2026-08-17 00:55:00,94.022,94.022,93.926,94.022,1.05
2026-08-17 01:00:00,94.022,94.022,93.699,93.787,31.26
2026-08-17 01:05:00,93.713,93.781,93.577,93.766,23.23
2026-08-17 01:10:00,93.696,93.809,93.696,93.807,60.98
2026-08-17 01:15:00,93.809,93.809,93.635,93.761,6.06
2026-08-17 01:20:00,93.783,93.809,93.775,93.809,2.94
2026-08-17 01:25:00,93.809,93.809,93.764,93.808,1.11
2026-08-17 01:30:00,93.809,93.809,93.808,93.808,1.04
2026-08-17 01:35:00,93.743,93.808,93.61,93.808,16.41
2026-08-17 01:40:00,93.809,93.809,93.602,93.788,15.66
2026-08-17 01:45:00,93.809,93.809,93.696,93.716,1.94
2026-08-17 01:50:00,93.781,93.781,93.707,93.78,12.88
2026-08-17 01:55:00,93.78,93.78,93.779,93.779,1.5
2026-08-17 02:00:00,93.78,93.78,93.654,93.78,12.71
2026-08-17 02:05:00,93.747,93.94,93.747,93.94,77.37
2026-08-17 02:10:00,93.99,94.012,93.751,93.877,5.83
2026-08-17 02:15:00,93.869,94.015,93.118,93.616,183.19
2026-08-17 02:20:00,93.59,93.737,93.566,93.72,5.57
2026-08-17 02:25:00,93.737,93.909,93.332,93.908,112.73
2026-08-17 02:30:00,93.905,93.905,93.411,93.522,70.15
2026-08-17 02:35:00,93.479,93.563,93.321,93.497,32.08
2026-08-17 02:40:00,93.494,93.556,92.949,93.556,143.9
2026-08-17 02:45:00,93.557,93.679,93.534,93.534,8.67
2026-08-17 02:50:00,93.665,93.804,93.467,93.799,11.04
2026-08-17 02:55:00,93.832,93.95,93.832,93.95,3.11
2026-08-17 03:00:00,93.948,93.95,93.784,93.95,12.96
2026-08-17 03:05:00,93.949,93.95,93.656,93.84,48.31
2026-08-17 03:10:00,93.89,93.95,93.89,93.95,1.17
2026-08-17 03:15:00,93.892,93.95,93.52,93.95,42.29
2026-08-17 03:20:00,93.95,93.95,93.774,93.8,4.03
2026-08-17 03:25:00,93.798,93.968,93.46,93.532,28.77
2026-08-17 03:30:00,93.636,94.022,93.559,93.874,119.3
2026-08-17 03:35:00,94.018,94.022,93.9,93.965,13.64
2026-08-17 03:40:00,93.981,93.981,93.81,93.933,23.07
2026-08-17 03:45:00,93.958,93.958,93.78,93.893,15.33
2026-08-17 03:50:00,93.892,93.942,93.78,93.809,10.64
2026-08-17 03:55:00,93.792,94.022,93.754,93.804,42.69
2026-08-17 04:00:00,93.923,93.931,93.573,93.732,40.05
2026-08-17 04:05:00,93.602,93.673,93.382,93.6,34.52
2026-08-17 04:10:00,93.612,93.893,93.569,93.721,19.87
2026-08-17 04:15:00,93.887,94.022,93.887,94.022,6.41
2026-08-17 04:20:00,94.022,94.022,94.021,94.021,3.66
2026-08-17 04:25:00,94.021,94.022,93.837,94.001,23.67
2026-08-17 04:30:00,94.019,94.021,93.634,93.759,36.34
2026-08-17 04:35:00,93.792,93.974,93.792,93.974,24.2
2026-08-17 04:40:00,93.974,93.988,93.836,93.98,7.08
2026-08-17 04:45:00,93.98,93.988,93.85,93.987,6.64
2026-08-17 04:50:00,93.988,93.993,93.807,93.944,13.41
2026-08-17 04:55:00,93.945,93.945,93.943,93.944,4.8
2026-08-17 05:00:00,93.944,93.944,93.742,93.781,32.31
2026-08-17 05:05:00,93.868,93.897,93.791,93.86,6.82
2026-08-17 05:10:00,93.86,93.875,93.86,93.875,3.74
2026-08-17 05:15:00,93.875,93.875,93.875,93.875,10.81
2026-08-17 05:20:00,93.875,93.875,93.814,93.875,9.46
2026-08-17 05:25:00,93.875,93.941,93.647,93.809,38.4
2026-08-17 05:30:00,93.81,93.849,93.601,93.849,44.83
2026-08-17 05:35:00,93.849,93.914,93.711,93.832,10.49
2026-08-17 05:40:00,93.833,93.86,93.694,93.834,5.05
2026-08-17 05:45:00,93.818,93.945,93.818,93.944,3.59
2026-08-17 05:50:00,93.943,93.945,93.818,93.945,4.47
2026-08-17 05:55:00,93.945,93.945,93.785,93.939,7.55
2026-08-17 06:00:00,93.939,93.945,93.821,93.945,5.21
2026-08-17 06:05:00,93.945,93.945,93.945,93.945,3.64
2026-08-17 06:10:00,93.945,93.945,93.945,93.945,3.8
2026-08-17 06:15:00,93.945,94.0,93.503,93.964,286.01
2026-08-17 06:20:00,93.954,94.392,93.829,94.392,108.93
2026-08-17 06:25:00,94.393,94.398,94.244,94.353,14.85
2026-08-17 06:30:00,94.353,94.399,93.679,94.312,100.16
2026-08-17 06:35:00,94.3,94.386,94.151,94.201,8.62
2026-08-17 06:40:00,94.337,94.37,94.236,94.355,10.87
2026-08-17 06:45:00,94.315,94.415,94.236,94.286,8.5
2026-08-17 06:50:00,94.285,94.425,93.612,94.391,157.06
2026-08-17 06:55:00,94.391,94.412,94.23,94.272,9.35
2026-08-17 07:00:00,94.273,94.273,94.161,94.267,3.14
2026-08-17 07:05:00,94.268,94.269,94.267,94.269,2.75
2026-08-17 07:10:00,94.269,94.294,94.268,94.294,2.87
2026-08-17 07:15:00,94.296,94.32,94.296,94.32,2.61
2026-08-17 07:20:00,94.321,94.329,94.181,94.326,5.53
2026-08-17 07:25:00,94.326,94.337,94.122,94.122,7.03
2026-08-17 07:30:00,94.17,94.337,94.087,94.251,8.89
2026-08-17 07:35:00,94.132,94.299,94.001,94.123,18.57
2026-08-17 07:40:00,94.178,94.212,94.078,94.135,2.88
2026-08-17 07:45:00,94.097,94.246,93.838,93.932,21.26
2026-08-17 07:50:00,93.974,94.006,93.798,94.005,7.3
2026-08-17 07:55:00,94.005,94.329,93.955,94.176,7.92
2026-08-17 08:00:00,94.317,94.317,93.434,93.591,62.23
2026-08-17 08:05:00,93.855,93.856,93.309,93.604,84.0
2026-08-17 08:10:00,93.654,93.854,93.433,93.584,75.15
2026-08-17 08:15:00,93.711,93.795,93.182,93.31,112.73
2026-08-17 08:20:00,93.507,93.683,93.27,93.483,80.17
2026-08-17 08:25:00,93.618,93.644,93.316,93.421,93.79
2026-08-17 08:30:00,93.529,93.68,93.399,93.401,113.33
2026-08-17 08:35:00,93.465,93.605,93.35,93.353,83.02
2026-08-17 08:40:00,93.417,93.502,93.218,93.218,94.49
2026-08-17 08:45:00,93.389,93.41,93.183,93.344,71.18
2026-08-17 08:50:00,93.365,93.446,93.148,93.233,88.02
2026-08-17 08:55:00,93.455,93.56,93.148,93.148,54.01
2026-08-17 09:00:00,93.246,93.306,92.848,92.848,809.15
2026-08-17 09:05:00,92.949,93.071,92.822,92.822,108.68
2026-08-17 09:10:00,92.932,93.117,92.822,92.881,157.01
2026-08-17 09:15:00,92.955,93.372,92.835,93.17,114.71
2026-08-17 09:20:00,93.246,93.246,92.83,92.83,92.95
2026-08-17 09:25:00,92.83,92.964,92.82,92.82,45.3
2026-08-17 09:30:00,92.899,92.964,92.771,92.859,148.31
2026-08-17 09:35:00,92.856,92.895,92.676,92.779,277.01
2026-08-17 09:40:00,92.755,92.829,92.599,92.69,224.82
2026-08-17 09:45:00,92.695,92.745,92.514,92.659,214.44
2026-08-17 09:50:00,92.638,92.911,92.462,92.618,331.82
2026-08-17 09:55:00,92.641,92.836,92.454,92.795,198.49
2026-08-17 10:00:00,92.81,92.811,92.444,92.604,291.77
2026-08-17 10:05:00,92.587,92.612,92.393,92.393,145.74
2026-08-17 10:10:00,92.498,92.571,92.398,92.506,81.16
2026-08-17 10:15:00,92.51,92.693,92.4,92.653,32.73
2026-08-17 10:20:00,92.653,93.076,92.491,92.72,194.93
2026-08-17 10:25:00,92.701,92.905,92.623,92.904,20.78
2026-08-17 10:30:00,92.954,93.873,92.728,93.845,106.56
2026-08-17 10:35:00,93.831,94.169,93.809,93.939,514.61
2026-08-17 10:40:00,94.013,94.438,93.938,94.081,126.56
2026-08-17 10:45:00,94.08,94.236,94.064,94.136,18.58
2026-08-17 10:50:00,94.197,95.0,94.119,94.641,446.7
2026-08-17 10:55:00,94.704,95.035,94.569,94.798,270.6
2026-08-17 11:00:00,94.799,94.867,94.291,94.371,185.39
2026-08-17 11:05:00,94.331,94.412,94.011,94.011,113.54
2026-08-17 11:10:00,94.066,94.213,94.0,94.0,52.59
2026-08-17 11:15:00,94.033,94.188,93.99,94.115,54.74
2026-08-17 11:20:00,94.089,94.289,93.98,94.289,36.07
2026-08-17 11:25:00,94.254,94.281,93.991,94.077,41.5
2026-08-17 11:30:00,94.045,94.158,93.98,94.08,21.53
2026-08-17 11:35:00,94.113,94.157,94.01,94.119,10.51
2026-08-17 11:40:00,94.092,94.273,93.99,94.155,26.61
2026-08-17 11:45:00,94.208,94.852,94.074,94.799,68.06
2026-08-17 11:50:00,94.799,95.0,94.481,94.651,104.2
2026-08-17 11:55:00,94.723,94.749,94.221,94.607,53.06
2026-08-17 12:00:00,94.678,94.815,94.45,94.7,49.72
2026-08-17 12:05:00,94.737,94.737,94.7,94.7,10.21
2026-08-17 12:10:00,94.737,94.737,94.7,94.737,6.46
2026-08-17 12:15:00,94.737,94.737,94.7,94.7,48.04
2026-08-17 12:20:00,94.737,94.737,94.7,94.71,31.43
2026-08-17 12:25:00,94.719,94.737,94.71,94.72,48.27
2026-08-17 12:30:00,94.737,95.248,94.7,95.248,348.62
2026-08-17 12:35:00,95.248,95.248,94.74,94.908,211.77
2026-08-17 12:40:00,94.908,95.38,94.9,95.281,382.05
2026-08-17 12:45:00,95.271,95.4,95.2,95.24,193.5
2026-08-17 12:50:00,95.299,95.399,95.25,95.381,168.31
2026-08-17 12:55:00,95.399,95.4,95.3,95.361,87.55
2026-08-17 13:00:00,95.396,95.4,95.32,95.361,168.78
2026-08-17 13:05:00,95.39,95.391,95.3,95.344,147.96
2026-08-17 13:10:00,95.366,95.4,95.331,95.35,46.0
2026-08-17 13:15:00,95.38,95.544,95.24,95.448,178.24
2026-08-17 13:20:00,95.469,95.657,95.342,95.6,158.67
2026-08-17 13:25:00,95.666,95.7,95.6,95.6,102.92
2026-08-17 13:30:00,95.644,96.0,95.6,95.946,356.23
2026-08-17 13:35:00,95.946,95.975,95.7,95.975,242.96
2026-08-17 13:40:00,95.976,96.28,95.9,96.256,232.52
2026-08-17 13:45:00,96.257,96.355,96.097,96.334,577.53
2026-08-17 13:50:00,96.354,96.44,96.321,96.44,692.17
2026-08-17 13:55:00,96.414,96.503,96.4,96.431,101.92
2026-08-17 14:00:00,96.498,96.503,96.4,96.5,122.28
2026-08-17 14:05:00,96.503,96.74,96.503,96.67,517.77
2026-08-17 14:10:00,96.67,96.696,96.3,96.499,286.27
2026-08-17 14:15:00,96.498,96.614,96.3,96.323,162.75
2026-08-17 14:20:00,96.323,96.768,96.283,96.712,131.55
2026-08-17 14:25:00,96.735,96.873,96.6,96.688,242.82
2026-08-17 14:30:00,96.687,96.799,96.026,96.18,423.97
2026-08-17 14:35:00,96.207,96.55,96.15,96.5,66.72
2026-08-17 14:40:00,96.5,96.63,96.1,96.491,299.79
2026-08-17 14:45:00,96.384,96.8,96.384,96.428,100.27
2026-08-17 14:50:00,96.497,96.707,96.3,96.568,158.78
2026-08-17 14:55:00,96.417,96.796,96.417,96.74,65.21
2026-08-17 15:00:00,96.74,96.95,96.74,96.936,556.98
2026-08-17 15:05:00,96.949,97.172,96.919,97.129,488.49
2026-08-17 15:10:00,97.172,97.239,97.16,97.161,146.78
2026-08-17 15:15:00,97.184,97.239,97.092,97.167,288.07
2026-08-17 15:20:00,97.226,97.227,97.15,97.15,73.9
2026-08-17 15:25:00,97.15,97.239,97.018,97.208,209.84
2026-08-17 15:30:00,97.208,97.239,97.001,97.159,186.26
2026-08-17 15:35:00,97.159,97.491,97.126,97.404,595.76
2026-08-17 15:40:00,97.384,97.545,97.214,97.545,341.96
2026-08-17 15:45:00,97.544,98.141,97.523,98.014,2549.94
2026-08-17 15:50:00,98.098,98.222,97.811,97.98,257.88
2026-08-17 15:55:00,98.141,98.303,97.451,97.741,719.84
2026-08-17 16:00:00,97.74,97.993,97.655,97.694,83.99
2026-08-17 16:05:00,97.678,97.701,97.341,97.496,77.31
2026-08-17 16:10:00,97.495,97.587,97.441,97.505,42.25
2026-08-17 16:15:00,97.544,97.581,96.883,97.368,221.01
2026-08-17 16:20:00,97.382,97.574,97.361,97.5,20.53
2026-08-17 16:25:00,97.5,97.699,97.2,97.455,164.9
2026-08-17 16:30:00,97.476,97.524,97.223,97.285,112.89
2026-08-17 16:35:00,97.371,97.569,97.342,97.524,31.97
2026-08-17 16:40:00,97.575,97.577,97.448,97.573,23.48
2026-08-17 16:45:00,97.572,98.191,97.103,98.191,603.91
2026-08-17 16:50:00,98.166,98.191,98.0,98.132,101.06
2026-08-17 16:55:00,98.131,98.315,98.094,98.293,138.05
2026-08-17 17:00:00,98.279,98.315,98.149,98.27,74.51
2026-08-17 17:05:00,98.27,98.27,98.131,98.27,53.83
2026-08-17 17:10:00,98.27,98.27,98.27,98.27,37.57
2026-08-17 17:15:00,98.27,98.67,98.259,98.67,931.83
2026-08-17 17:20:00,98.67,99.515,98.263,99.515,3576.15
2026-08-17 17:25:00,99.515,99.99,99.3,99.402,1600.0
2026-08-17 17:30:00,99.45,99.95,99.012,99.639,652.5
2026-08-17 17:35:00,99.673,99.783,99.183,99.183,123.92
2026-08-17 17:40:00,99.277,99.5,98.8,99.355,263.25
2026-08-17 17:45:00,99.355,99.99,99.259,99.526,448.37
2026-08-17 17:50:00,99.575,99.99,99.429,99.689,372.78
2026-08-17 17:55:00,99.688,99.689,98.894,99.033,244.0
2026-08-17 18:00:00,99.025,99.156,98.771,98.838,252.87
2026-08-17 18:05:00,98.883,98.962,98.749,98.962,170.39
2026-08-17 18:10:00,98.961,99.318,98.908,99.1,370.09
2026-08-17 18:15:00,99.051,99.099,98.8,99.068,100.26
2026-08-17 18:20:00,99.052,99.1,98.463,98.663,124.78
2026-08-17 18:25:00,98.712,98.893,98.678,98.781,26.62
2026-08-17 18:30:00,98.864,98.868,98.452,98.654,58.0
2026-08-17 18:35:00,98.621,98.7,98.363,98.7,55.51
2026-08-17 18:40:00,98.699,98.7,98.63,98.7,30.32
2026-08-17 18:45:00,98.699,98.7,98.639,98.7,23.19
2026-08-17 18:50:00,98.7,98.7,98.671,98.7,16.07
2026-08-17 18:55:00,98.7,99.045,98.653,98.935,49.55
2026-08-17 19:00:00,98.999,99.154,98.858,98.983,145.61
2026-08-17 19:05:00,98.995,101.0,98.966,100.19,1815.87
2026-08-17 19:10:00,100.14,100.74,99.4,99.4,1059.44
2026-08-17 19:15:00,99.55,99.729,99.242,99.641,89.27
2026-08-17 19:20:00,99.728,99.873,99.679,99.827,56.51
2026-08-17 19:25:00,99.827,100.16,99.531,99.597,50.74
2026-08-17 19:30:00,99.598,99.999,99.592,99.999,61.73
2026-08-17 19:35:00,99.929,100.0,99.745,99.978,68.09
2026-08-17 19:40:00,99.978,100.25,99.978,100.24,159.48
2026-08-17 19:45:00,100.24,100.61,100.21,100.58,123.05
2026-08-17 19:50:00,100.54,103.05,100.34,101.7,3632.16
2026-08-17 19:55:00,101.71,104.99,101.7,104.59,5817.13
2026-08-17 20:00:00,104.4,106.62,102.45,103.87,8706.5
2026-08-17 20:05:00,103.94,104.07,103.36,103.62,681.33
2026-08-17 20:10:00,103.63,104.35,103.59,103.97,1060.43
2026-08-17 20:15:00,104.05,106.37,104.0,104.32,4259.81
2026-08-17 20:20:00,104.35,104.5,103.01,103.74,1653.88
2026-08-17 20:25:00,103.71,105.1,103.6,104.24,1141.24
2026-08-17 20:30:00,104.17,105.35,103.79,104.97,992.68
2026-08-17 20:35:00,104.94,106.79,103.15,106.57,3640.71
2026-08-17 20:40:00,106.6,106.65,104.4,104.72,1798.57
2026-08-17 20:45:00,104.7,105.76,104.67,105.76,901.5
2026-08-17 20:50:00,105.61,106.0,104.05,104.69,1100.28
2026-08-17 20:55:00,104.68,104.68,102.79,103.41,1894.58
2026-08-17 21:00:00,103.57,103.57,102.56,102.65,1237.88
2026-08-17 21:05:00,102.84,102.89,102.22,102.56,876.76
2026-08-17 21:10:00,102.56,103.36,102.31,103.28,489.48
2026-08-17 21:15:00,103.28,103.5,103.05,103.4,261.35
2026-08-17 21:20:00,103.4,104.45,103.4,103.94,615.33
2026-08-17 21:25:00,104.06,104.5,104.01,104.4,258.89
2026-08-17 21:30:00,104.25,105.34,103.8,103.8,698.46
2026-08-17 21:35:00,104.05,104.05,102.88,103.63,467.23
2026-08-17 21:40:00,103.61,104.31,103.51,103.85,97.92
2026-08-17 21:45:00,103.87,104.01,103.68,103.82,57.43
2026-08-17 21:50:00,103.96,104.02,103.87,103.94,98.95
2026-08-17 21:55:00,103.98,104.0,103.4,103.6,342.09
2026-08-17 22:00:00,103.56,103.6,101.26,101.59,960.54
2026-08-17 22:05:00,101.58,101.91,101.21,101.46,505.19
2026-08-17 22:10:00,101.46,101.96,101.1,101.96,478.43
2026-08-17 22:15:00,101.97,102.17,100.86,101.04,1434.29
2026-08-17 22:20:00,101.04,101.07,98.612,99.579,3634.64
2026-08-17 22:25:00,99.403,99.868,98.0,98.34,1603.0
2026-08-17 22:30:00,98.264,99.045,98.001,98.181,966.2
2026-08-17 22:35:00,98.098,99.317,98.001,99.263,321.29
2026-08-17 22:40:00,99.263,99.263,98.182,98.429,462.84
2026-08-17 22:45:00,98.396,99.036,98.152,99.0,338.58
2026-08-17 22:50:00,99.035,99.046,98.051,98.278,605.95
2026-08-17 22:55:00,98.13,99.387,98.129,98.913,713.62
2026-08-17 23:00:00,98.856,99.07,98.5,98.754,226.46
2026-08-17 23:05:00,98.756,98.87,98.273,98.353,102.57
2026-08-17 23:10:00,98.273,99.636,98.273,98.738,734.7
2026-08-17 23:15:00,98.712,102.18,98.358,99.639,2875.41
2026-08-17 23:20:00,99.603,99.912,99.219,99.613,241.73
2026-08-17 23:25:00,99.599,99.617,99.367,99.565,76.01
2026-08-17 23:30:00,99.504,99.6,99.246,99.33,201.3
2026-08-17 23:35:00,99.33,100.46,99.218,100.26,435.74
2026-08-17 23:40:00,100.24,100.79,99.524,99.888,434.95
2026-08-17 23:45:00,99.878,100.11,99.265,99.568,278.32
2026-08-17 23:50:00,99.642,100.01,99.334,99.474,394.19
2026-08-17 23:55:00,99.474,99.699,98.915,98.987,280.74
2026-08-18 00:00:00,98.988,99.1,98.668,98.732,415.68
2026-08-18 00:05:00,98.701,98.787,98.0,98.288,864.35
2026-08-18 00:10:00,98.434,98.75,98.0,98.1,462.78
2026-08-18 00:15:00,98.1,98.768,97.549,97.933,1181.29
2026-08-18 00:20:00,97.927,98.0,97.723,97.889,180.16
2026-08-18 00:25:00,97.845,98.057,97.757,97.979,182.39
2026-08-18 00:30:00,97.979,98.124,97.7,98.124,297.94
2026-08-18 00:35:00,98.089,98.304,97.819,98.29,346.28
2026-08-18 00:40:00,98.278,98.32,98.194,98.32,58.94
2026-08-18 00:45:00,98.32,98.394,98.191,98.353,139.17
2026-08-18 00:50:00,98.394,98.518,98.191,98.5,196.7
2026-08-18 00:55:00,98.5,98.573,98.349,98.484,153.42
2026-08-18 01:00:00,98.475,98.596,98.249,98.516,147.36
2026-08-18 01:05:00,98.482,98.596,97.922,98.577,269.41
2026-08-18 01:10:00,98.471,98.618,98.323,98.495,99.86
2026-08-18 01:15:00,98.538,100.0,98.262,99.976,855.52
2026-08-18 01:20:00,99.924,99.976,99.716,99.876,137.09
2026-08-18 01:25:00,99.851,100.39,99.789,99.9,308.81
2026-08-18 01:30:00,99.839,100.07,99.627,99.769,148.16
2026-08-18 01:35:00,99.83,100.0,99.634,99.791,113.77
2026-08-18 01:40:00,99.839,100.69,99.724,99.777,330.69
2026-08-18 01:45:00,99.799,100.22,99.741,99.877,129.96
2026-08-18 01:50:00,99.886,100.16,99.773,99.843,134.36
2026-08-18 01:55:00,99.843,100.0,99.786,99.814,96.22
2026-08-18 02:00:00,99.871,100.1,99.728,99.902,115.53
2026-08-18 02:05:00,99.902,102.52,99.879,102.31,1549.87
2026-08-18 02:10:00,102.29,102.58,102.15,102.4,1016.08
2026-08-18 02:15:00,102.39,102.62,102.18,102.36,630.74
2026-08-18 02:20:00,102.36,103.45,102.3,103.15,415.79
2026-08-18 02:25:00,103.14,103.39,103.13,103.2,398.42
2026-08-18 02:30:00,103.16,103.2,103.13,103.17,80.89
2026-08-18 02:35:00,103.17,104.0,103.07,103.94,792.42
2026-08-18 02:40:00,103.96,105.69,103.96,105.02,2925.41
2026-08-18 02:45:00,105.02,105.3,104.67,104.72,280.63
2026-08-18 02:50:00,104.76,105.3,104.5,104.99,306.79
2026-08-18 02:55:00,105.02,105.57,104.97,105.12,462.05
2026-08-18 03:00:00,105.0,105.15,104.53,104.74,261.27
2026-08-18 03:05:00,104.62,105.2,104.62,104.82,314.66
2026-08-18 03:10:00,104.8,104.99,104.67,104.99,208.98
2026-08-18 03:15:00,104.99,105.12,104.67,105.03,213.67
2026-08-18 03:20:00,105.01,105.75,104.57,105.42,337.07
2026-08-18 03:25:00,105.42,106.91,104.48,104.59,3196.89
2026-08-18 03:30:00,104.59,104.68,104.01,104.01,790.53
2026-08-18 03:35:00,104.01,104.55,103.99,104.4,173.05
2026-08-18 03:40:00,104.4,104.78,104.09,104.4,163.31
2026-08-18 03:45:00,104.5,104.66,104.36,104.47,97.37
2026-08-18 03:50:00,104.54,104.54,103.99,104.23,118.83
2026-08-18 03:55:00,104.18,104.32,103.88,103.91,235.12
2026-08-18 04:00:00,104.03,104.29,103.87,104.17,71.01
2026-08-18 04:05:00,104.27,104.38,104.07,104.31,63.58
2026-08-18 04:10:00,104.36,104.39,104.14,104.23,60.18
2026-08-18 04:15:00,104.23,104.28,103.76,103.76,218.48
2026-08-18 04:20:00,103.79,103.9,103.66,103.66,175.57
2026-08-18 04:25:00,103.67,103.8,103.61,103.61,113.16
2026-08-18 04:30:00,103.7,103.76,103.56,103.61,70.05
2026-08-18 04:35:00,103.56,103.98,103.5,103.88,135.71
2026-08-18 04:40:00,103.94,103.98,103.57,103.93,45.43
2026-08-18 04:45:00,103.91,103.97,103.64,103.84,53.44
2026-08-18 04:50:00,103.93,104.18,103.7,104.13,29.74
2026-08-18 04:55:00,104.13,104.18,103.61,103.72,35.87
2026-08-18 05:00:00,103.86,103.93,103.75,103.77,20.19
2026-08-18 05:05:00,103.83,104.0,103.67,103.8,141.06
2026-08-18 05:10:00,103.78,104.0,103.63,103.91,36.22
2026-08-18 05:15:00,103.97,104.0,103.86,103.99,42.8
2026-08-18 05:20:00,103.98,103.99,103.92,103.93,7.35
2026-08-18 05:25:00,103.99,104.0,103.86,103.94,55.09
2026-08-18 05:30:00,103.93,104.0,103.59,103.83,37.82
2026-08-18 05:35:00,103.88,104.0,103.82,103.93,26.64
2026-08-18 05:40:00,103.99,104.0,103.48,103.66,129.38
2026-08-18 05:45:00,103.63,103.71,103.46,103.66,22.22
2026-08-18 05:50:00,103.67,103.67,103.39,103.65,26.11
2026-08-18 05:55:00,103.65,103.87,103.55,103.83,17.69
2026-08-18 06:00:00,103.82,103.89,103.73,103.8,10.06
2026-08-18 06:05:00,103.85,103.85,103.4,103.56,24.45
2026-08-18 06:10:00,103.5,103.65,103.2,103.25,22.79
2026-08-18 06:15:00,103.33,103.4,103.2,103.21,53.7
2026-08-18 06:20:00,103.3,103.33,103.2,103.2,28.91
2026-08-18 06:25:00,103.27,103.3,102.85,103.06,121.81
2026-08-18 06:30:00,103.01,103.3,102.87,103.2,63.54
2026-08-18 06:35:00,103.2,103.42,103.1,103.19,46.86
2026-08-18 06:40:00,103.22,103.48,103.22,103.31,16.42
2026-08-18 06:45:00,103.37,103.45,103.04,103.28,21.45
2026-08-18 06:50:00,103.35,103.44,102.97,103.27,36.06
2026-08-18 06:55:00,103.28,103.3,103.06,103.3,27.82
2026-08-18 07:00:00,103.3,103.51,103.08,103.3,32.95
2026-08-18 07:05:00,103.41,103.52,103.15,103.38,30.83
2026-08-18 07:10:00,103.23,103.4,102.95,103.12,63.91
2026-08-18 07:15:00,102.98,103.81,102.9,103.7,86.0
2026-08-18 07:20:00,103.79,104.0,103.59,103.85,45.79
2026-08-18 07:25:00,103.83,104.55,103.44,103.97,271.24
2026-08-18 07:30:00,104.11,104.39,103.98,104.08,40.38
2026-08-18 07:35:00,103.98,104.46,103.98,104.07,48.39
2026-08-18 07:40:00,104.17,104.22,103.5,103.56,101.78
2026-08-18 07:45:00,103.58,103.72,103.56,103.61,41.86
2026-08-18 07:50:00,103.69,103.71,103.48,103.63,41.93
2026-08-18 07:55:00,103.65,103.71,103.48,103.67,74.35
2026-08-18 08:00:00,103.61,104.3,103.61,104.19,115.75
2026-08-18 08:05:00,104.28,104.3,104.0,104.15,81.35
2026-08-18 08:10:00,104.22,104.24,103.97,103.99,28.38
2026-08-18 08:15:00,104.06,104.78,104.01,104.78,40.91
2026-08-18 08:20:00,104.77,105.42,104.61,105.38,61.12
2026-08-18 08:25:00,105.39,105.87,102.61,103.4,539.83
2026-08-18 08:30:00,103.28,103.98,102.71,103.07,300.97
2026-08-18 08:35:00,103.08,103.3,102.1,102.31,435.56
2026-08-18 08:40:00,102.31,102.48,102.08,102.26,306.33
2026-08-18 08:45:00,102.21,102.21,101.33,101.39,270.87
2026-08-18 08:50:00,101.47,101.47,100.88,101.13,206.02
2026-08-18 08:55:00,101.18,101.6,101.12,101.59,123.33
2026-08-18 09:00:00,101.59,101.6,101.4,101.53,78.3
2026-08-18 09:05:00,101.5,101.84,101.42,101.72,33.24
2026-08-18 09:10:00,101.72,101.88,101.7,101.77,69.38
2026-08-18 09:15:00,101.72,102.5,101.72,102.19,178.82
2026-08-18 09:20:00,102.13,102.47,102.13,102.37,59.52
2026-08-18 09:25:00,102.37,102.64,102.37,102.58,54.32
2026-08-18 09:30:00,102.64,102.88,102.64,102.88,121.3
2026-08-18 09:35:00,102.82,103.15,102.29,103.0,275.42
2026-08-18 09:40:00,103.0,103.13,103.0,103.03,42.95
2026-08-18 09:45:00,103.02,103.29,103.0,103.18,65.66
2026-08-18 09:50:00,103.09,103.18,103.0,103.02,37.53
2026-08-18 09:55:00,103.11,103.11,102.14,102.52,261.95
2026-08-18 10:00:00,102.57,102.63,102.36,102.63,82.12
2026-08-18 10:05:00,102.63,102.75,102.6,102.63,16.78
2026-08-18 10:10:00,102.65,102.77,102.6,102.66,16.61
2026-08-18 10:15:00,102.71,102.93,102.7,102.81,14.7
2026-08-18 10:20:00,102.76,102.86,102.57,102.57,86.11
2026-08-18 10:25:00,102.44,105.74,102.4,105.52,1752.05
2026-08-18 10:30:00,105.54,106.06,104.43,105.27,2169.53
2026-08-18 10:35:00,105.28,105.9,104.1,104.1,1200.85
2026-08-18 10:40:00,104.11,104.23,101.52,101.96,1970.3
2026-08-18 10:45:00,101.8,101.8,99.7,100.11,2698.62
2026-08-18 10:50:00,100.1,100.28,100.02,100.27,174.75
2026-08-18 10:55:00,100.27,100.37,100.07,100.37,514.2
2026-08-18 11:00:00,100.37,100.88,100.16,100.65,416.77
2026-08-18 11:05:00,100.71,100.83,100.65,100.81,130.06
2026-08-18 11:10:00,100.74,101.11,100.46,101.0,261.94
2026-08-18 11:15:00,101.0,101.64,100.88,101.62,348.96
2026-08-18 11:20:00,101.61,101.64,101.4,101.57,142.25
2026-08-18 11:25:00,101.52,101.63,100.81,100.81,109.63
2026-08-18 11:30:00,100.89,101.23,100.59,101.14,90.9
2026-08-18 11:35:00,101.22,101.29,101.03,101.18,28.38
2026-08-18 11:40:00,101.22,101.49,101.02,101.21,67.1
2026-08-18 11:45:00,101.18,101.48,100.97,101.36,66.86
2026-08-18 11:50:00,101.39,101.43,101.06,101.24,22.93
2026-08-18 11:55:00,101.24,101.65,101.24,101.41,93.63
2026-08-18 12:00:00,101.5,101.57,101.31,101.41,40.04
2026-08-18 12:05:00,101.41,101.63,101.33,101.33,29.68
2026-08-18 12:10:00,101.46,101.55,101.2,101.52,49.71
2026-08-18 12:15:00,101.38,101.48,101.11,101.35,52.67
2026-08-18 12:20:00,101.37,101.37,101.04,101.14,92.32
2026-08-18 12:25:00,101.14,101.14,100.97,100.99,62.54
2026-08-18 12:30:00,100.98,101.18,100.97,101.09,23.02
2026-08-18 12:35:00,101.13,101.22,100.98,101.18,23.65
2026-08-18 12:40:00,101.11,101.53,101.03,101.43,46.91
2026-08-18 12:45:00,101.38,101.6,101.32,101.47,48.88
2026-08-18 12:50:00,101.49,101.67,101.24,101.37,38.27
2026-08-18 12:55:00,101.4,101.4,100.97,101.13,129.37
2026-08-18 13:00:00,101.01,101.17,101.0,101.17,12.62
2026-08-18 13:05:00,101.0,101.24,101.0,101.2,25.77
2026-08-18 13:10:00,101.2,101.41,101.1,101.35,40.42
2026-08-18 13:15:00,101.15,101.65,101.15,101.65,120.65
2026-08-18 13:20:00,101.65,103.23,101.59,102.67,533.06
2026-08-18 13:25:00,102.57,102.63,101.89,102.07,42.79
2026-08-18 13:30:00,101.99,102.07,101.44,101.47,79.85
2026-08-18 13:35:00,101.38,101.45,101.1,101.12,42.91
2026-08-18 13:40:00,101.1,101.23,100.89,100.9,163.55
2026-08-18 13:45:00,100.89,100.94,100.72,100.73,136.98
2026-08-18 13:50:00,100.79,100.82,99.625,99.803,471.03
2026-08-18 13:55:00,99.831,100.32,99.718,99.898,277.4
2026-08-18 14:00:00,99.821,100.2,99.516,99.694,160.35
2026-08-18 14:05:00,99.707,100.02,99.701,99.827,33.85
2026-08-18 14:10:00,99.827,99.827,99.362,99.505,116.03
2026-08-18 14:15:00,99.505,100.56,98.95,100.23,295.1
2026-08-18 14:20:00,100.23,100.54,99.629,100.11,85.25
2026-08-18 14:25:00,100.05,100.58,99.814,100.02,107.91
2026-08-18 14:30:00,100.01,100.45,99.845,100.34,71.48
2026-08-18 14:35:00,100.29,100.41,99.506,99.579,65.61
2026-08-18 14:40:00,99.5,99.737,98.695,99.023,350.96
2026-08-18 14:45:00,99.023,99.181,98.791,99.134,114.14
2026-08-18 14:50:00,99.147,99.18,98.352,98.56,120.12
2026-08-18 14:55:00,98.57,104.32,96.116,98.196,4542.36
2026-08-18 15:00:00,98.4,100.64,96.987,98.589,4220.18
2026-08-18 15:05:00,98.767,99.578,98.545,99.146,172.35
2026-08-18 15:10:00,99.146,99.317,98.984,99.112,31.43
2026-08-18 15:15:00,99.112,99.168,98.944,99.076,35.43
2026-08-18 15:20:00,99.076,99.156,98.58,98.683,99.18
2026-08-18 15:25:00,98.792,101.55,98.682,100.05,2221.58
2026-08-18 15:30:00,100.12,101.22,100.05,100.8,376.67
2026-08-18 15:35:00,100.81,100.93,100.55,100.56,138.69
2026-08-18 15:40:00,100.56,100.78,99.531,99.677,173.13
2026-08-18 15:45:00,99.606,100.11,99.019,99.675,421.44
2026-08-18 15:50:00,99.679,99.78,99.153,99.378,89.37
2026-08-18 15:55:00,99.38,100.0,99.049,99.661,86.41
2026-08-18 16:00:00,99.661,100.35,99.0,99.986,365.58
2026-08-18 16:05:00,100.03,100.1,99.515,100.03,105.5
2026-08-18 16:10:00,100.03,100.16,99.0,99.135,430.24
2026-08-18 16:15:00,99.14,99.516,99.069,99.504,53.94
2026-08-18 16:20:00,99.504,99.939,99.192,99.628,220.01
2026-08-18 16:25:00,99.418,100.69,99.2,100.3,281.41
2026-08-18 16:30:00,100.42,100.83,100.04,100.55,139.02
2026-08-18 16:35:00,100.56,100.62,100.31,100.32,32.56
2026-08-18 16:40:00,100.31,100.44,100.11,100.16,65.36
2026-08-18 16:45:00,100.16,100.18,99.336,99.361,47.07
2026-08-18 16:50:00,99.263,99.446,99.0,99.209,193.28
2026-08-18 16:55:00,99.21,99.965,99.0,99.868,101.37
2026-08-18 17:00:00,99.863,99.92,99.307,99.764,51.23
2026-08-18 17:05:00,99.825,100.08,99.557,99.928,55.63
2026-08-18 17:10:00,99.927,100.71,99.824,100.71,86.74
2026-08-18 17:15:00,100.67,100.78,100.23,100.4,26.45
